0;0.0;0.0;0.0;0.0;0.0;0.0;0.0;0.0;0.0;0.0;0.0;0.0;0.0;0.0;0.0;0.0;0.0;0.0;0.0;0.0;0.0;0.0;0.0;0.0;0.0;0.0;0.0;0.0;0.0;0.0;0.0;0.0;0.0;0.0;0.0;0.0;0.0;0.0;0.0;0.0;0.0;0.0;0.0;0.0;0.0;0.0;0.0;0.0;0.000330579;0.000330579;0.00214876;0.002644628;0.000661157;0.0;0.002644628;0.005785124;0.004132231;0.007768595;0.007438017;0.006115702;0.006280991999999999;0.005785124;0.008099174;0.007438017;0.008760331;0.008099174;0.009421488;0.015867769;0.014710744;0.019338843;0.018842975;0.016528926;0.02214876;0.018347106999999998;0.032892562;0.032892562;0.065950413;0.039173554;0.033553718999999996;0.039338843;0.037190083;0.032066116;0.032727273;0.028429752000000003;0.040991736;0.06446281;0.111735537;0.09206611599999999;0.08611570199999999;0.045123967;0.110413223;0.067933884;0.050743802000000005;0.07768595;0.075206612;0.07933884299999999;0.076033058;0.095206612;0.128264463;0.072561983;0.092892562;0.119834711;0.094214876;0.063471074;0.072066116;0.066446281;0.152066116;0.177190083;0.149256198;0.07685950400000001;0.12148760300000001;0.04214876;0.078016529;0.074545455;0.054380165;0.10396694199999999;0.14363636400000002;0.087768595;0.055702479000000006;0.080165289;0.065619835;0.057355372;0.062479339;0.116694215;0.141652893;0.098016529;0.17685950399999997;0.090909091;0.139504132;0.130247934;0.222644628;0.177190083;0.26;0.17322314;0.17586776899999998;0.204958678;0.138677686;0.107768595;0.080495868;0.055867769000000005;0.057355372;0.048760331;0.056859504000000005;0.11818181800000001;0.256528926;0.067438017;0.055206612;0.092396694;0.07289256200000001;0.058016529000000004;0.05322314;0.083140496;0.062479339;0.061983471;0.061652893;0.063636364;0.149256198;0.047438017;0.058016529000000004;0.048760331;0.049256198;0.08446281;0.05355371900000001;0.037355372000000005;0.041157025;0.04;0.034876033;0.043636364000000004;0.040165289;0.049090909;0.039338843;0.042479339000000005;0.040165289;0.035206612000000005;0.04446281;0.048595041;0.032727273;0.027603306;0.02231405;0.022975207;0.022975207;0.015041322;0.014545455;0.013719008000000001;0.012561983;0.012231405;0.01107438;0.009752066;0.005785124;0.0028099170000000003;0.000330579;0.0;0.0;0.0;0.0;0.0;0.0;0.0;0.0;0.0;0.0;0.0;0.0;0.0;0.0;0.0;0.0;0.0;0.0;0.0;0.0;0.0;0.0;0.0;0.0;0.0;0.0;0.0;0.0;0.0;0.0;0.0;0.0;0.0;0.0;0.0;0.0;0.0;0.0;0.0;0.0;0.0;0.0;0.0;0.0;0.0;0.0;0.0;0.0;0.0;0.0;0.0;0.0;0.0;0.0;0.0;0.0;0.0;0.0;0.0;0.0;0.0;0.0;0.0;0.0;0.0;0.0;0.0;0.0;0.0;0.0;0.0;0.0;0.0;0.0;0.0;0.0;0.0;0.0;0.0;0.0;0.0;0.0;0.0;0.0;0.0;0.0;0.0;0.0;0.0;0.0;0.0;0.0;0.0;0.0;0.0;0.0
0.1;0.0;0.0;0.0;0.0;0.0;0.0;0.0;0.0;0.0;0.0;0.0;0.0;0.0;0.0;0.0;0.0;0.0;0.0;0.0;0.0;0.0;0.0;0.0;0.0;0.0;0.0;0.0;0.0;0.0;0.0;0.0;0.0;0.0;0.0;0.0;0.0;0.0;0.0;0.0;0.0;0.0;0.0;0.0;0.0;0.0;0.0;0.0;0.0;0.0;0.0;0.000661157;0.00016528900000000002;0.0008264460000000001;0.000661157;0.001652893;0.001652893;0.002479339;0.003471074;0.006446281;0.01107438;0.010743802;0.009090909;0.008264463;0.012066116000000002;0.012231405;0.015371901;0.019338843;0.015041322;0.02;0.023636364;0.034876033;0.031239668999999998;0.034710744;0.035206612000000005;0.030082645;0.035041322;0.04231405;0.027438017000000002;0.03107438;0.032727273;0.039669421;0.030247934;0.038842975;0.041983470999999994;0.038347107000000005;0.033719007999999995;0.030909091;0.036694215;0.045619835;0.049586777;0.059504132;0.048760331;0.056198347;0.042479339000000005;0.06214876;0.074545455;0.057355372;0.050082645;0.071735537;0.067933884;0.071404959;0.081652893;0.064297521;0.06446281;0.065454545;0.063801653;0.075206612;0.074545455;0.083471074;0.122644628;0.089917355;0.102975207;0.110247934;0.14;0.082644628;0.125785124;0.10495867800000001;0.108760331;0.10231405;0.074545455;0.082975207;0.10198347099999999;0.10429752099999999;0.114545455;0.10347107400000001;0.12148760300000001;0.10677686;0.151735537;0.108760331;0.14661157;0.111735537;0.117355372;0.08231405;0.09785124;0.09272727300000001;0.09570247900000001;0.090909091;0.08892562;0.10429752099999999;0.10363636400000001;0.141157025;0.129586777;0.12033057900000001;0.16677686;0.10165289300000001;0.105289256;0.12214876;0.125289256;0.08446281;0.096859504;0.121818182;0.128760331;0.094214876;0.136528926;0.090247934;0.08661157;0.10396694199999999;0.10396694199999999;0.111735537;0.138677686;0.131570248;0.145123967;0.136859504;0.12016528900000001;0.103140496;0.104793388;0.1;0.10231405;0.10132231400000001;0.08958677699999999;0.088264463;0.06528925599999999;0.073057851;0.09256198300000001;0.065454545;0.078677686;0.050413223;0.047438017;0.049421488;0.057355372;0.051735537000000005;0.05768595;0.040826446;0.04446281;0.06528925599999999;0.06661157;0.039834711;0.04446281;0.04446281;0.032561982999999996;0.02446281;0.018016529;0.012066116000000002;0.005454545;0.004958678;0.001983471;0.001652893;0.0;0.0;0.0;0.0;0.0;0.0;0.0;0.0;0.0;0.000330579;0.0;0.0;0.0;0.0;0.0;0.0;0.0;0.0;0.0;0.0;0.0;0.0;0.0;0.0;0.0;0.0;0.0;0.0;0.0;0.0;0.0;0.0;0.0;0.0;0.0;0.0;0.0;0.0;0.0;0.0;0.0;0.0;0.0;0.0;0.0;0.0;0.0;0.0;0.0;0.0;0.0;0.0;0.0;0.0;0.0;0.0;0.0;0.0;0.0;0.0;0.0;0.0;0.0;0.0;0.0;0.0;0.0;0.0;0.0;0.0;0.0;0.0;0.0;0.0;0.0;0.0;0.0;0.0;0.0;0.0;0.0;0.0;0.0;0.0;0.0;0.0;0.0;0.0;0.0;0.0
0.2;0.0;0.0;0.0;0.0;0.0;0.0;0.0;0.0;0.0;0.0;0.0;0.0;0.0;0.0;0.0;0.0;0.0;0.0;0.0;0.0;0.0;0.0;0.0;0.0;0.0;0.0;0.0;0.0;0.0;0.0;0.0;0.0;0.0;0.0;0.0;0.0;0.0;0.0;0.0;0.0;0.0;0.0;0.0;0.0;0.0;0.0;0.0;0.0;0.0;0.0;0.0;0.001983471;0.009917355;0.00231405;0.003305785;0.008099174;0.019008264;0.028099173999999998;0.030578512000000002;0.034049587;0.028760331;0.026280992000000003;0.01785124;0.008595041;0.011239668999999999;0.07900826400000001;0.148760331;0.162479339;0.082809917;0.052892562000000004;0.038347107000000005;0.032396694;0.043966942;0.055206612;0.051239669;0.05140495900000001;0.04528925599999999;0.051570248;0.069586777;0.112066116;0.082479339;0.077355372;0.08743801699999999;0.11933884300000001;0.085785124;0.08446281;0.30314049600000004;0.096528926;0.094214876;0.37785124;0.09768595;0.078512397;0.060826446;0.068760331;0.374876033;0.089917355;0.367768595;0.250578512;0.101157025;0.12165289300000001;0.40793388399999997;0.153884298;0.437355372;0.07719008299999999;0.07768595;0.410413223;0.108099174;0.129917355;0.11107438;0.41074380200000005;0.38214876;0.46446281;0.276198347;0.128099174;0.199669421;0.46446281;0.38231405;0.183966942;0.19851239699999998;0.22231405;0.182644628;0.18826446300000002;0.19719008300000002;0.12380165300000001;0.138842975;0.481322314;0.21619834699999999;0.095041322;0.41371900799999994;0.430743802;0.16677686;0.147768595;0.448760331;0.476859504;0.199008264;0.128760331;0.1;0.11520661199999999;0.13107438;0.177190083;0.161818182;0.151239669;0.170578512;0.150247934;0.41553719;0.417190083;0.38826446299999995;0.37702479299999997;0.385619835;0.392727273;0.162644628;0.162479339;0.13570247900000001;0.223966942;0.248429752;0.328099174;0.323801653;0.322479339;0.321652893;0.328429752;0.108760331;0.181487603;0.12661157;0.337190083;0.28446281;0.16793388399999998;0.25768595;0.242644628;0.236694215;0.231900826;0.22;0.21157024800000002;0.20611570199999998;0.19537190100000001;0.18446281;0.17636363600000002;0.163966942;0.145950413;0.03107438;0.143305785;0.12380165300000001;0.12677686;0.109586777;0.10198347099999999;0.047272727;0.05338843;0.026446281000000002;0.012727273;0.014710744;0.020495868;0.02214876;0.029917355;0.014380165;0.009586777;0.007768595;0.005619835;0.004132231;0.001322314;0.000661157;0.0;0.0;0.0;0.0;0.0;0.0;0.0;0.0;0.0;0.0;0.0;0.0;0.0;0.0;0.0;0.0;0.0;0.0;0.0;0.0;0.0;0.0;0.0;0.0;0.0;0.0;0.0;0.0;0.0;0.0;0.0;0.0;0.0;0.0;0.0;0.0;0.0;0.0;0.0;0.0;0.0;0.0;0.0;0.0;0.0;0.0;0.0;0.0;0.0;0.0;0.0;0.0;0.0;0.0;0.0;0.0;0.0;0.0;0.0;0.0;0.0;0.0;0.0;0.0;0.0;0.0;0.0;0.0;0.0;0.0;0.0;0.0;0.0;0.0;0.0;0.0;0.0;0.0;0.0;0.0;0.0;0.0;0.0;0.0;0.0;0.0;0.0;0.0
0.3;0.0;0.0;0.0;0.0;0.0;0.0;0.0;0.0;0.0;0.0;0.0;0.0;0.0;0.0;0.0;0.0;0.0;0.0;0.0;0.0;0.0;0.0;0.0;0.0;0.0;0.0;0.0;0.0;0.0;0.0;0.0;0.0;0.0;0.0;0.0;0.0;0.0;0.0;0.0;0.0;0.0;0.0;0.0;0.0;0.0;0.0;0.0;0.0;0.0;0.0;0.0;0.0;0.0;0.0;0.0;0.0;0.001983471;0.005454545;0.009586777;0.018016529;0.01553719;0.008099174;0.005454545;0.000495868;0.0;0.002644628;0.047438017;0.087768595;0.08925619800000001;0.08909090900000001;0.096033058;0.105454545;0.112561983;0.11652892599999999;0.108099174;0.10165289300000001;0.08661157;0.08446281;0.084132231;0.085123967;0.08958677699999999;0.107438017;0.20181818199999998;0.127603306;0.112396694;0.141652893;0.18909090899999997;0.196859504;0.225454545;0.251239669;0.232231405;0.25768595;0.090247934;0.08760330599999999;0.328429752;0.34495867799999996;0.32429752100000003;0.31553719;0.325619835;0.301322314;0.139008264;0.33735537200000004;0.13107438;0.314876033;0.33785124;0.119504132;0.15107438;0.364297521;0.363471074;0.41702479299999995;0.41256198299999997;0.423966942;0.40198347100000004;0.395371901;0.397520661;0.38727272700000004;0.10628099199999999;0.104793388;0.425454545;0.42644628100000004;0.10942148800000001;0.421322314;0.321652893;0.108099174;0.336198347;0.103140496;0.096694215;0.11057851199999999;0.11074380199999999;0.170413223;0.096859504;0.16661157;0.353553719;0.11818181800000001;0.094710744;0.08;0.067768595;0.052231405;0.066280992;0.082644628;0.123966942;0.45818181799999996;0.187768595;0.41074380200000005;0.38859504100000003;0.401818182;0.403140496;0.380991736;0.366280992;0.37041322299999996;0.35553719;0.346446281;0.331570248;0.329917355;0.32710743800000003;0.319504132;0.314049587;0.310082645;0.23107438;0.099008264;0.283471074;0.270082645;0.266446281;0.258347107;0.243966942;0.23752066100000002;0.218677686;0.221818182;0.21338843;0.207438017;0.203305785;0.19355371899999999;0.18132231399999998;0.17520661199999998;0.160991736;0.152396694;0.145950413;0.13421487599999998;0.125289256;0.112396694;0.103140496;0.098181818;0.08909090900000001;0.074545455;0.067933884;0.056198347;0.048099174;0.043636364000000004;0.033719007999999995;0.027272727000000004;0.021322314;0.008099174;0.00661157;0.006280991999999999;0.004628099;0.0031404959999999996;0.001983471;0.001652893;0.000661157;0.0;0.0;0.0;0.0;0.0;0.0;0.0;0.0;0.0;0.0;0.0;0.0;0.0;0.0;0.0;0.0;0.0;0.0;0.0;0.0;0.0;0.0;0.0;0.0;0.0;0.0;0.0;0.0;0.0;0.0;0.0;0.0;0.0;0.0;0.0;0.0;0.0;0.0;0.0;0.0;0.0;0.0;0.0;0.0;0.0;0.0;0.0;0.0;0.0;0.0;0.0;0.0;0.0;0.0;0.0;0.0;0.0;0.0;0.0;0.0;0.0;0.0;0.0;0.0;0.0;0.0;0.0;0.0;0.0;0.0;0.0;0.0;0.0;0.0;0.0;0.0;0.0;0.0;0.0;0.0;0.0;0.0;0.0;0.0;0.0;0.0;0.0;0.0
0.4;0.0;0.0;0.0;0.0;0.0;0.0;0.0;0.0;0.0;0.0;0.0;0.0;0.0;0.0;0.0;0.0;0.0;0.0;0.0;0.0;0.0;0.0;0.0;0.0;0.0;0.0;0.0;0.0;0.0;0.0;0.0;0.0;0.0;0.0;0.0;0.0;0.0;0.0;0.0;0.0;0.0;0.0;0.0;0.0;0.0;0.0;0.0;0.0;0.0;0.0;0.0;0.0;0.0;0.0;0.0;0.0;0.0;0.0;0.001983471;0.00214876;0.004793388;0.007438017;0.008595041;0.013884298;0.020165289;0.024628099;0.018347106999999998;0.029421488;0.043966942;0.060165289000000004;0.059338842999999995;0.076033058;0.069917355;0.081157025;0.071735537;0.062975207;0.069256198;0.07917355400000001;0.073553719;0.063305785;0.09256198300000001;0.128264463;0.158181818;0.276528926;0.126115702;0.05338843;0.102479339;0.129421488;0.096694215;0.077024793;0.10066115699999999;0.09619834699999999;0.03768595;0.081322314;0.08611570199999999;0.04;0.062975207;0.023471073999999998;0.05355371900000001;0.088760331;0.133884298;0.118842975;0.149586777;0.177190083;0.17421487600000002;0.15322314;0.24694214899999997;0.141322314;0.095867769;0.189917355;0.170413223;0.179338843;0.129917355;0.198016529;0.167438017;0.050082645;0.085123967;0.111735537;0.26214876;0.18347107399999998;0.343471074;0.23966942100000002;0.183636364;0.19041322300000002;0.191570248;0.10380165300000001;0.084628099;0.128099174;0.125785124;0.127933884;0.10661157;0.147272727;0.162809917;0.095206612;0.11818181800000001;0.064793388;0.09702479300000001;0.081157025;0.142479339;0.135867769;0.142479339;0.080991736;0.069421488;0.09272727300000001;0.165289256;0.10628099199999999;0.09173553699999999;0.11719008300000001;0.14429752099999998;0.073719008;0.14892562;0.158512397;0.088099174;0.067933884;0.098842975;0.165289256;0.130743802;0.083636364;0.09322314;0.12380165300000001;0.11933884300000001;0.136694215;0.109586777;0.183305785;0.181652893;0.121157025;0.136859504;0.094214876;0.088760331;0.080165289;0.038016529;0.046115702;0.040991736;0.041818182;0.049090909;0.041818182;0.039669421;0.039173554;0.027438017000000002;0.02446281;0.020826446000000002;0.018016529;0.012892562;0.01107438;0.01107438;0.016528926;0.012561983;0.009586777;0.008099174;0.005454545;0.000991736;0.0;0.0;0.0;0.0;0.0;0.0;0.0;0.0;0.0;0.0;0.0;0.0;0.0;0.0;0.0;0.0;0.0;0.0;0.0;0.0;0.0;0.0;0.0;0.0;0.0;0.0;0.0;0.0;0.0;0.0;0.0;0.0;0.0;0.0;0.0;0.0;0.0;0.0;0.0;0.0;0.0;0.0;0.0;0.0;0.0;0.0;0.0;0.0;0.0;0.0;0.0;0.0;0.0;0.0;0.0;0.0;0.0;0.0;0.0;0.0;0.0;0.0;0.0;0.0;0.0;0.0;0.0;0.0;0.0;0.0;0.0;0.0;0.0;0.0;0.0;0.0;0.0;0.0;0.0;0.0;0.0;0.0;0.0;0.0;0.0;0.0;0.0;0.0;0.0;0.0;0.0;0.0;0.0;0.0;0.0;0.0
0.5;0.0;0.0;0.0;0.0;0.0;0.0;0.0;0.0;0.0;0.0;0.0;0.0;0.0;0.0;0.0;0.0;0.0;0.0;0.0;0.0;0.0;0.0;0.0;0.0;0.0;0.0;0.0;0.0;0.0;0.0;0.0;0.0;0.0;0.0;0.0;0.0;0.0;0.0;0.0;0.0;0.0;0.0;0.0;0.0;0.0;0.0;0.0;0.0;0.001652893;0.001652893;0.0031404959999999996;0.007438017;0.010909091000000001;0.006280991999999999;0.001983471;0.001652893;0.005123967;0.00677686;0.011735536999999999;0.026942149;0.027438017000000002;0.05107438;0.040165289;0.06528925599999999;0.043801652999999996;0.022479338999999997;0.01553719;0.014876033;0.014049586999999999;0.020661157;0.052066115999999996;0.04214876;0.063801653;0.048760331;0.040661157;0.043966942;0.065454545;0.049421488;0.06495867799999999;0.129917355;0.08694214900000001;0.04446281;0.041983470999999994;0.076694215;0.110909091;0.136033058;0.120991736;0.0;0.0;0.148760331;0.154049587;0.13719008300000002;0.10231405;0.13322314;0.19752066100000001;0.154876033;0.139173554;0.36512396700000005;0.46677686;0.488595041;0.180826446;0.128099174;0.14429752099999998;0.134380165;0.119008264;0.06661157;0.047933884;0.08446281;0.079834711;0.076694215;0.14446281;0.125289256;0.107438017;0.19190082600000002;0.269421488;0.621157025;0.162809917;0.472396694;0.5401652889999999;0.522809917;0.231735537;0.43338843;0.41322314;0.329256198;0.296033058;0.560826446;0.5538842979999999;0.47966942100000004;0.327272727;0.22214876;0.170413223;0.23950413199999998;0.278842975;0.14429752099999998;0.22677686;0.46033057899999996;0.46743801700000004;0.284297521;0.24859504100000002;0.343471074;0.365619835;0.21685950399999998;0.243140496;0.079504132;0.100495868;0.082975207;0.04677686;0.032892562;0.040991736;0.048099174;0.052396694;0.090909091;0.13206611599999998;0.192727273;0.18;0.163966942;0.154545455;0.122479339;0.082975207;0.055206612;0.043966942;0.041322314;0.059338842999999995;0.082975207;0.07322314;0.067272727;0.06446281;0.06231405;0.063471074;0.065950413;0.065950413;0.069752066;0.08231405;0.093057851;0.083636364;0.063305785;0.056198347;0.056694215;0.067438017;0.04214876;0.038512397000000004;0.041322314;0.030909091;0.02892562;0.050909091;0.056363635999999995;0.058347107;0.058016529000000004;0.047768595;0.030082645;0.008429751999999999;0.002479339;0.0008264460000000001;0.0018181820000000002;0.001652893;0.0014876029999999999;0.0;0.0;0.0;0.0;0.0;0.0;0.0;0.0;0.0;0.0;0.0;0.0;0.0;0.0;0.0;0.0;0.0;0.0;0.0;0.0;0.0;0.0;0.0;0.0;0.0;0.0;0.0;0.0;0.0;0.0;0.0;0.0;0.0;0.0;0.0;0.0;0.0;0.0;0.0;0.0;0.0;0.0;0.0;0.0;0.0;0.0;0.0;0.0;0.0;0.0;0.0;0.0;0.0;0.0;0.0;0.0;0.0;0.0;0.0;0.0;0.0;0.0;0.0;0.0;0.0;0.0;0.0;0.0;0.0;0.0;0.0;0.0;0.0;0.0;0.0;0.0;0.0;0.0;0.0;0.0;0.0;0.0;0.0;0.0;0.0;0.0;0.0;0.0;0.0;0.0;0.0
0.6;0.0;0.0;0.0;0.0;0.0;0.0;0.0;0.0;0.0;0.0;0.0;0.0;0.0;0.0;0.0;0.0;0.0;0.0;0.0;0.0;0.0;0.0;0.0;0.0;0.0;0.0;0.0;0.0;0.0;0.0;0.0;0.0;0.0;0.0;0.0;0.0;0.0;0.0;0.0;0.0;0.0;0.0;0.0;0.0;0.0;0.0;0.0;0.0;0.001983471;0.001983471;0.004132231;0.008429751999999999;0.014049586999999999;0.019669421;0.025454545;0.030082645;0.036694215;0.049421488;0.061322314;0.067603306;0.076363636;0.089917355;0.10710743800000001;0.116694215;0.121818182;0.12165289300000001;0.13785124;0.154876033;0.168595041;0.17917355399999998;0.181652893;0.17537190100000002;0.186115702;0.182809917;0.13322314;0.219669421;0.222644628;0.212231405;0.22363636399999998;0.22413223100000002;0.217190083;0.220495868;0.226280992;0.232727273;0.241157025;0.24743801699999998;0.254876033;0.262644628;0.26760330600000004;0.275867769;0.282479339;0.29305785100000004;0.32347107399999997;0.308429752;0.322809917;0.34462809899999997;0.215206612;0.225454545;0.25272727300000003;0.374380165;0.369256198;0.278181818;0.44661157;0.258181818;0.368264463;0.368264463;0.347768595;0.378677686;0.383140496;0.336363636;0.37785124;0.48942148799999996;0.325619835;0.350247934;0.354876033;0.434710744;0.438016529;0.426942149;0.404297521;0.491404959;0.380661157;0.336033058;0.311900826;0.358016529;0.396694215;0.387933884;0.258347107;0.36677686;0.297355372;0.5603305789999999;0.330578512;0.31338843;0.295041322;0.306942149;0.289917355;0.37851239700000006;0.48380165299999994;0.275041322;0.40793388399999997;0.405785124;0.475867769;0.27338843;0.27768595;0.33768595;0.299504132;0.432561983;0.309256198;0.35371900799999995;0.34892562;0.30413223100000003;0.307768595;0.226280992;0.276859504;0.270578512;0.21074380199999998;0.16082644599999998;0.189917355;0.19785124;0.26842975199999997;0.295206612;0.24231405;0.17421487600000002;0.170743802;0.17123966899999998;0.16892562;0.161487603;0.197355372;0.145289256;0.14280991699999998;0.09404958699999999;0.11834710699999999;0.18925619800000001;0.181818182;0.118842975;0.10578512400000001;0.088595041;0.052231405;0.045950412999999996;0.055867769000000005;0.049752066;0.042975207;0.04231405;0.051735537000000005;0.059173554;0.051735537000000005;0.037520661000000004;0.029752066;0.018677686000000002;0.020826446000000002;0.024297521000000002;0.025619835;0.02;0.020826446000000002;0.020165289;0.021652893;0.016198347;0.015867769;0.00661157;0.0036363640000000004;0.00231405;0.002644628;0.001157025;0.0;0.0;0.0;0.0;0.0;0.0;0.0;0.0;0.0;0.0;0.0;0.0;0.0;0.0;0.0;0.0;0.0;0.0;0.0;0.0;0.0;0.0;0.0;0.0;0.0;0.0;0.0;0.0;0.0;0.0;0.0;0.0;0.0;0.0;0.0;0.0;0.0;0.0;0.0;0.0;0.0;0.0;0.0;0.0;0.0;0.0;0.0;0.0;0.0;0.0;0.0;0.0;0.0;0.0;0.0;0.0;0.0;0.0;0.0;0.0;0.0;0.0;0.0;0.0;0.0;0.0;0.0;0.0;0.0;0.0;0.0;0.0;0.0;0.0;0.0;0.0;0.0;0.0;0.0;0.0;0.0;0.0;0.0;0.0;0.0
0.7;0.0;0.0;0.0;0.0;0.0;0.0;0.0;0.0;0.0;0.0;0.0;0.0;0.0;0.0;0.0;0.0;0.0;0.0;0.0;0.0;0.0;0.0;0.0;0.0;0.0;0.0;0.0;0.0;0.0;0.0;0.0;0.0;0.0;0.0;0.0;0.0;0.0;0.0;0.0;0.0;0.0;0.0;0.0;0.0;0.0;0.0;0.0;0.0;0.0;0.0;0.0;0.000661157;0.001157025;0.0031404959999999996;0.003471074;0.004793388;0.006942149;0.008429751999999999;0.010909091000000001;0.009917355;0.020165289;0.025123967;0.038347107000000005;0.032396694;0.028595041;0.032727273;0.06314049599999999;0.10644628099999999;0.090909091;0.058677686;0.131239669;0.176198347;0.20975206600000001;0.205619835;0.15785124;0.222479339;0.229917355;0.20892562;0.16297520699999998;0.232727273;0.244132231;0.249256198;0.253057851;0.241157025;0.254876033;0.27719008300000003;0.265123967;0.279008264;0.275041322;0.161818182;0.314876033;0.24892562;0.32710743800000003;0.37388429799999995;0.35950413200000003;0.123636364;0.38231405;0.1;0.367603306;0.34925619799999996;0.355371901;0.35256198299999997;0.38214876;0.35950413200000003;0.38280991700000006;0.20181818199999998;0.378347107;0.400991736;0.383636364;0.38429752100000003;0.392396694;0.401818182;0.42809917399999997;0.324132231;0.0;0.0;0.0;0.0;0.0;0.392231405;0.39785124;0.39818181799999997;0.400826446;0.396528926;0.41074380200000005;0.41371900799999994;0.43719008299999995;0.514545455;0.205619835;0.15371900800000002;0.198181818;0.261322314;0.269752066;0.502479339;0.532727273;0.5082644629999999;0.47603305799999995;0.478677686;0.262809917;0.249256198;0.20479338800000002;0.277024793;0.23553719;0.28892562;0.248429752;0.40297520700000006;0.367768595;0.360661157;0.355867769;0.354876033;0.34661157;0.340165289;0.33834710700000004;0.332231405;0.328264463;0.323801653;0.318347107;0.312396694;0.30446281;0.299669421;0.29636363600000004;0.29636363600000004;0.28280991699999997;0.292561983;0.284132231;0.243801653;0.155371901;0.272231405;0.251239669;0.155371901;0.150909091;0.273884298;0.18231405;0.23586776899999998;0.209090909;0.181818182;0.09338843;0.100165289;0.072231405;0.076528926;0.072727273;0.061818182;0.052396694;0.05322314;0.046446281;0.040330579;0.034380165;0.029090908999999998;0.02661157;0.025785124;0.020495868;0.022644627999999997;0.017355372;0.02214876;0.013553718999999999;0.007768595;0.005123967;0.002644628;0.000661157;0.0;0.0;0.0;0.0;0.0;0.0;0.0;0.0;0.0;0.0;0.0;0.0;0.0;0.0;0.0;0.0;0.0;0.0;0.0;0.0;0.0;0.0;0.0;0.0;0.0;0.0;0.0;0.0;0.0;0.0;0.0;0.0;0.0;0.0;0.0;0.0;0.0;0.0;0.0;0.0;0.0;0.0;0.0;0.0;0.0;0.0;0.0;0.0;0.0;0.0;0.0;0.0;0.0;0.0;0.0;0.0;0.0;0.0;0.0;0.0;0.0;0.0;0.0;0.0;0.0;0.0;0.0;0.0;0.0;0.0;0.0;0.0;0.0;0.0;0.0;0.0;0.0;0.0;0.0;0.0;0.0;0.0;0.0;0.0;0.0;0.0;0.0;0.0
0.8;0.0;0.0;0.0;0.0;0.0;0.0;0.0;0.0;0.0;0.0;0.0;0.0;0.0;0.0;0.0;0.0;0.0;0.0;0.0;0.0;0.0;0.0;0.0;0.0;0.0;0.0;0.0;0.0;0.0;0.0;0.0;0.0;0.0;0.0;0.0;0.0;0.0;0.0;0.0;0.0;0.0;0.0;0.0;0.0;0.0;0.0;0.0;0.0;0.0;0.0;0.0;0.0;0.0;0.0;0.001983471;0.003966942;0.004628099;0.014214876000000001;0.008429751999999999;0.009256198;0.020165289;0.026115702;0.017190083000000002;0.013719008000000001;0.018677686000000002;0.018677686000000002;0.031570247999999995;0.034049587;0.051735537000000005;0.074876033;0.093719008;0.095206612;0.070413223;0.11603305800000001;0.158842975;0.185950413;0.156694215;0.173057851;0.185123967;0.20247933899999998;0.19752066100000001;0.19983471100000003;0.19752066100000001;0.196363636;0.243140496;0.25338843;0.24909090899999997;0.245619835;0.257190083;0.24909090899999997;0.22314049600000002;0.227438017;0.203140496;0.240330579;0.24644628100000002;0.25702479300000003;0.279834711;0.281157025;0.262479339;0.25272727300000003;0.269256198;0.29206611600000004;0.31107438;0.332561983;0.339173554;0.34132231399999996;0.354214876;0.360495868;0.385619835;0.385950413;0.13322314;0.389090909;0.380991736;0.41074380200000005;0.158181818;0.124132231;0.395702479;0.402809917;0.35785124;0.410909091;0.112396694;0.383636364;0.405785124;0.412892562;0.39818181799999997;0.39074380200000003;0.364297521;0.39355371899999997;0.381157025;0.39719008299999997;0.378347107;0.38859504100000003;0.389090909;0.38280991700000006;0.370578512;0.38628099200000005;0.35636363600000004;0.39074380200000003;0.37785124;0.361983471;0.38049586799999996;0.284297521;0.36942148799999996;0.298512397;0.377355372;0.373553719;0.360661157;0.378347107;0.350247934;0.358842975;0.350247934;0.339669421;0.342809917;0.321322314;0.334049587;0.141157025;0.124628099;0.285619835;0.259173554;0.202975207;0.137024793;0.325123967;0.105123967;0.282644628;0.121983471;0.182479339;0.212561983;0.165289256;0.126942149;0.09933884300000001;0.100991736;0.088264463;0.100330579;0.07785124;0.08909090900000001;0.073884298;0.068760331;0.074214876;0.06214876;0.058347107;0.052396694;0.048099174;0.042644628;0.04214876;0.028264462999999997;0.029090908999999998;0.020165289;0.016528926;0.015702479;0.015041322;0.012231405;0.006115702;0.00677686;0.007438017;0.003966942;0.005123967;0.0;0.0;0.0;0.0;0.0;0.0;0.0;0.0;0.0;0.0;0.0;0.0;0.0;0.0;0.0;0.0;0.0;0.0;0.0;0.0;0.0;0.0;0.0;0.0;0.0;0.0;0.0;0.0;0.0;0.0;0.0;0.0;0.0;0.0;0.0;0.0;0.0;0.0;0.0;0.0;0.0;0.0;0.0;0.0;0.0;0.0;0.0;0.0;0.0;0.0;0.0;0.0;0.0;0.0;0.0;0.0;0.0;0.0;0.0;0.0;0.0;0.0;0.0;0.0;0.0;0.0;0.0;0.0;0.0;0.0;0.0;0.0;0.0;0.0;0.0;0.0;0.0;0.0;0.0;0.0;0.0;0.0;0.0;0.0;0.0;0.0;0.0;0.0;0.0;0.0;0.0
0.9;0.0;0.0;0.0;0.0;0.0;0.0;0.0;0.0;0.0;0.0;0.0;0.0;0.0;0.0;0.0;0.0;0.0;0.0;0.0;0.0;0.0;0.0;0.0;0.0;0.0;0.0;0.0;0.0;0.0;0.0;0.0;0.0;0.0;0.0;0.0;0.0;0.0;0.0;0.0;0.0;0.0;0.0;0.0;0.0;0.0;0.0;0.0;0.0;0.0;0.0;0.0;0.0;0.0;0.0;0.003305785;0.000495868;0.002975207;0.004628099;0.005289256;0.010247934;0.028429752000000003;0.030082645;0.035206612000000005;0.044958677999999995;0.058677686;0.074876033;0.076694215;0.060495868;0.042809917;0.025950413;0.013719008000000001;0.010082645;0.013553718999999999;0.028429752000000003;0.04314049599999999;0.040495868;0.022975207;0.078842975;0.195041322;0.057355372;0.04231405;0.032231405;0.025123967;0.053719008;0.073884298;0.234049587;0.360661157;0.186115702;0.173553719;0.227107438;0.14280991699999998;0.144793388;0.33190082600000004;0.34066115700000005;0.153057851;0.17338843;0.11520661199999999;0.397024793;0.39768595;0.38231405;0.08892562;0.088264463;0.122644628;0.39338843;0.35272727299999995;0.36;0.412231405;0.137520661;0.403801653;0.40198347100000004;0.38280991700000006;0.39933884299999994;0.17322314;0.11851239699999999;0.218016529;0.45057851200000004;0.113057851;0.429917355;0.42;0.3;0.438842975;0.434380165;0.262644628;0.41157024799999997;0.311239669;0.39256198299999995;0.33867768600000003;0.150082645;0.14677686;0.160991736;0.342809917;0.330082645;0.265950413;0.230082645;0.24347107399999998;0.29305785100000004;0.369256198;0.339173554;0.35338843;0.323636364;0.316363636;0.327768595;0.329752066;0.329090909;0.381322314;0.350082645;0.234049587;0.44446281;0.387933884;0.33834710700000004;0.380661157;0.36280991700000004;0.341818182;0.374545455;0.326280992;0.328429752;0.324628099;0.311735537;0.30644628100000004;0.28611570199999997;0.291900826;0.296033058;0.291900826;0.20214876;0.15785124;0.241652893;0.250247934;0.23107438;0.223966942;0.215371901;0.17603305800000002;0.223305785;0.21900826399999998;0.19338843;0.090909091;0.061487602999999995;0.062479339;0.041157025;0.03322314;0.095371901;0.14066115699999998;0.13338843;0.11603305800000001;0.073057851;0.069090909;0.063636364;0.054545455;0.045950412999999996;0.035867769;0.028760331;0.034545455;0.034214876;0.029586777;0.023140496;0.020661157;0.017190083000000002;0.014049586999999999;0.007438017;0.003305785;0.000661157;0.0;0.0;0.0;0.0;0.0;0.0;0.0;0.0;0.0;0.0;0.0;0.0;0.0;0.0;0.0;0.0;0.0;0.0;0.0;0.0;0.0;0.0;0.0;0.0;0.0;0.0;0.0;0.0;0.0;0.0;0.0;0.0;0.0;0.0;0.0;0.0;0.0;0.0;0.0;0.0;0.0;0.0;0.0;0.0;0.0;0.0;0.0;0.0;0.0;0.0;0.0;0.0;0.0;0.0;0.0;0.0;0.0;0.0;0.0;0.0;0.0;0.0;0.0;0.0;0.0;0.0;0.0;0.0;0.0;0.0;0.0;0.0;0.0;0.0;0.0;0.0;0.0;0.0;0.0;0.0;0.0;0.0;0.0;0.0;0.0;0.0;0.0
0.10;0.0;0.0;0.0;0.0;0.0;0.0;0.0;0.0;0.0;0.0;0.0;0.0;0.0;0.0;0.0;0.0;0.0;0.0;0.0;0.0;0.0;0.0;0.0;0.0;0.0;0.0;0.0;0.0;0.0;0.0;0.0;0.0;0.0;0.0;0.0;0.0;0.0;0.0;0.0;0.0;0.0;0.0;0.0;0.0;0.0;0.0;0.0;0.0;0.0;0.0;0.0;0.0018181820000000002;0.007438017;0.01338843;0.030082645;0.02446281;0.025454545;0.047438017;0.050082645;0.032066116;0.072396694;0.049586777;0.027272727000000004;0.025785124;0.02446281;0.028429752000000003;0.031735537;0.007107438000000001;0.030578512000000002;0.06231405;0.032066116;0.109917355;0.056859504000000005;0.08975206599999999;0.11603305800000001;0.173057851;0.109752066;0.110082645;0.07966942099999999;0.080495868;0.072727273;0.071900826;0.067933884;0.039504132000000004;0.025785124;0.023471073999999998;0.02661157;0.034214876;0.035702479;0.033553718999999996;0.044132230999999994;0.048099174;0.065123967;0.090413223;0.129421488;0.135867769;0.10611570199999999;0.11388429800000001;0.115371901;0.112396694;0.159008264;0.132396694;0.112066116;0.186115702;0.16512396699999998;0.25090909100000003;0.34925619799999996;0.39322314;0.24446281;0.46148760299999997;0.165454545;0.07719008299999999;0.056859504000000005;0.427272727;0.461157025;0.102479339;0.12231405;0.34743801700000004;0.46214876;0.203140496;0.44082644600000004;0.081652893;0.06661157;0.415867769;0.399504132;0.404132231;0.43239669399999997;0.43719008299999995;0.303471074;0.421157025;0.406446281;0.409917355;0.432066116;0.07338843;0.399834711;0.383636364;0.383140496;0.367272727;0.36842975200000005;0.36;0.36264462799999997;0.358181818;0.35140495899999996;0.34165289299999996;0.343801653;0.334380165;0.338512397;0.320330579;0.332231405;0.274545455;0.317024793;0.298512397;0.325289256;0.322644628;0.316694215;0.29983471100000003;0.289256198;0.286446281;0.280165289;0.274876033;0.26661157;0.251900826;0.244958678;0.238512397;0.225454545;0.22099173600000002;0.21090909100000002;0.202975207;0.198347107;0.19322314;0.183636364;0.17537190100000002;0.167603306;0.155371901;0.149586777;0.143801653;0.138181818;0.135206612;0.042644628;0.053057850999999996;0.08743801699999999;0.062644628;0.044793387999999996;0.031404958999999996;0.027933884;0.026115702;0.030578512000000002;0.025785124;0.024297521000000002;0.02661157;0.018842975;0.016528926;0.012561983;0.007272727;0.002975207;0.000330579;0.0;0.0;0.0;0.0;0.0;0.0;0.0;0.0;0.0;0.0;0.0;0.0;0.0;0.0;0.0;0.0;0.0;0.0;0.0;0.0;0.0;0.0;0.0;0.0;0.0;0.0;0.0;0.0;0.0;0.0;0.0;0.0;0.0;0.0;0.0;0.0;0.0;0.0;0.0;0.0;0.0;0.0;0.0;0.0;0.0;0.0;0.0;0.0;0.0;0.0;0.0;0.0;0.0;0.0;0.0;0.0;0.0;0.0;0.0;0.0;0.0;0.0;0.0;0.0;0.0;0.0;0.0;0.0;0.0;0.0;0.0;0.0;0.0;0.0;0.0;0.0;0.0;0.0;0.0;0.0;0.0;0.0;0.0;0.0;0.0;0.0;0.0;0.0;0.0;0.0;0.0
0.11;0.0;0.0;0.0;0.0;0.0;0.0;0.0;0.0;0.0;0.0;0.0;0.0;0.0;0.0;0.0;0.0;0.0;0.0;0.0;0.0;0.0;0.0;0.0;0.0;0.0;0.0;0.0;0.0;0.0;0.0;0.0;0.0;0.0;0.0;0.0;0.0;0.0;0.0;0.0;0.0;0.0;0.0;0.0;0.0;0.0;0.0;0.0;0.0;0.0;0.0;0.0;0.0;0.0;0.0;0.001983471;0.0;0.001983471;0.004793388;0.030909091;0.060165289000000004;0.067272727;0.040661157;0.052231405;0.105619835;0.114049587;0.133057851;0.118842975;0.08611570199999999;0.100991736;0.098677686;0.05322314;0.15504132199999998;0.198016529;0.210413223;0.145454545;0.18743801699999998;0.21305785100000002;0.12710743800000002;0.140991736;0.116198347;0.11371900800000001;0.13057851199999998;0.093719008;0.15785124;0.308429752;0.138347107;0.09107438;0.10495867800000001;0.175041322;0.205619835;0.17752066100000002;0.201157025;0.270578512;0.208595041;0.17107438;0.21322314;0.163966942;0.224793388;0.23123966899999998;0.182479339;0.109752066;0.077355372;0.162809917;0.158181818;0.11768595;0.181818182;0.17388429800000002;0.20181818199999998;0.148099174;0.16793388399999998;0.270578512;0.17818181800000002;0.08446281;0.12016528900000001;0.148264463;0.17917355399999998;0.119008264;0.132727273;0.11603305800000001;0.09206611599999999;0.159338843;0.214876033;0.20396694199999998;0.2;0.16297520699999998;0.15652892599999998;0.092231405;0.096694215;0.230247934;0.154545455;0.194214876;0.144132231;0.244793388;0.157190083;0.14677686;0.26016528899999997;0.285950413;0.435041322;0.21900826399999998;0.196363636;0.203636364;0.229256198;0.23586776899999998;0.20661157;0.22793388399999998;0.49603305799999997;0.259008264;0.236859504;0.428264463;0.18132231399999998;0.209917355;0.40876033100000003;0.17338843;0.40033057899999996;0.12214876;0.09487603300000001;0.13057851199999998;0.12677686;0.111239669;0.12280991699999999;0.098016529;0.130909091;0.110413223;0.10347107400000001;0.103140496;0.120495868;0.10446281;0.09619834699999999;0.10132231400000001;0.108760331;0.10446281;0.09570247900000001;0.075206612;0.06661157;0.062479339;0.063966942;0.050082645;0.045454545;0.038016529;0.031570247999999995;0.033553718999999996;0.024132231;0.023305785;0.019338843;0.011570248;0.006446281;0.007107438000000001;0.008760331;0.009256198;0.009256198;0.009586777;0.005619835;0.005785124;0.003305785;0.0008264460000000001;0.000661157;0.0;0.0;0.0;0.0;0.0;0.0;0.0;0.0;0.0;0.0;0.0;0.0;0.0;0.0;0.0;0.0;0.0;0.0;0.0;0.0;0.0;0.0;0.0;0.0;0.0;0.0;0.0;0.0;0.0;0.0;0.0;0.0;0.0;0.0;0.0;0.0;0.0;0.0;0.0;0.0;0.0;0.0;0.0;0.0;0.0;0.0;0.0;0.0;0.0;0.0;0.0;0.0;0.0;0.0;0.0;0.0;0.0;0.0;0.0;0.0;0.0;0.0;0.0;0.0;0.0;0.0;0.0;0.0;0.0;0.0;0.0;0.0;0.0;0.0;0.0;0.0;0.0;0.0;0.0;0.0;0.0;0.0;0.0;0.0;0.0;0.0;0.0;0.0;0.0;0.0;0.0
0.12;0.0;0.0;0.0;0.0;0.0;0.0;0.0;0.0;0.0;0.0;0.0;0.0;0.0;0.0;0.0;0.0;0.0;0.0;0.0;0.0;0.0;0.0;0.0;0.0;0.0;0.0;0.0;0.0;0.0;0.0;0.0;0.0;0.0;0.0;0.0;0.0;0.0;0.0;0.0;0.0;0.0;0.0;0.0;0.0;0.0;0.0;0.0;0.0;0.001983471;0.008099174;0.025123967;0.026115702;0.02231405;0.023966942;0.026446281000000002;0.018512397;0.052231405;0.029256197999999997;0.02446281;0.012892562;0.0042975209999999995;0.027438017000000002;0.09123966900000001;0.10165289300000001;0.094545455;0.065123967;0.04661157;0.028595041;0.025123967;0.020661157;0.006280991999999999;0.035867769;0.064297521;0.036528926;0.106942149;0.056859504000000005;0.085785124;0.105123967;0.061652893;0.134545455;0.135041322;0.041322314;0.042975207;0.047107438;0.11851239699999999;0.14677686;0.134876033;0.135867769;0.277520661;0.212231405;0.22380165300000002;0.21421487600000003;0.156859504;0.20462809899999998;0.25768595;0.232561983;0.269752066;0.266446281;0.168099174;0.19752066100000001;0.183966942;0.345454545;0.279834711;0.13570247900000001;0.281818182;0.427272727;0.345619835;0.406446281;0.17603305800000002;0.189917355;0.098016529;0.052396694;0.030743802;0.065950413;0.245950413;0.500495868;0.470413223;0.5368595039999999;0.181487603;0.139834711;0.150247934;0.49768595;0.440330579;0.41950413200000003;0.50231405;0.095371901;0.34066115700000005;0.27966942100000003;0.49586776899999996;0.543636364;0.163140496;0.478842975;0.503636364;0.431570248;0.44677686;0.44429752100000003;0.485289256;0.127768595;0.121157025;0.12;0.498347107;0.14892562;0.423966942;0.40363636399999997;0.35570247899999996;0.38760330600000004;0.410413223;0.392231405;0.306942149;0.42181818200000004;0.096859504;0.117024793;0.093057851;0.129752066;0.095206612;0.114545455;0.139669421;0.36611570200000004;0.34595041299999996;0.336033058;0.34198347100000004;0.082479339;0.07553719;0.08694214900000001;0.068760331;0.308595041;0.097355372;0.199008264;0.078512397;0.294049587;0.305619835;0.25322314;0.147438017;0.135041322;0.141157025;0.05652892599999999;0.050743802000000005;0.05785124;0.046115702;0.028760331;0.028760331;0.04214876;0.046942149;0.053719008;0.054214875999999995;0.043636364000000004;0.031404958999999996;0.030413223;0.039008264;0.024628099;0.026280992000000003;0.035206612000000005;0.032892562;0.020991736;0.015041322;0.010743802;0.013057851;0.007107438000000001;0.005785124;0.001652893;0.0;0.0;0.0;0.0;0.0;0.0;0.0;0.0;0.0;0.0;0.0;0.0;0.0;0.0;0.0;0.0;0.0;0.0;0.0;0.0;0.0;0.0;0.0;0.0;0.0;0.0;0.0;0.0;0.0;0.0;0.0;0.0;0.0;0.0;0.0;0.0;0.0;0.0;0.0;0.0;0.0;0.0;0.0;0.0;0.0;0.0;0.0;0.0;0.0;0.0;0.0;0.0;0.0;0.0;0.0;0.0;0.0;0.0;0.0;0.0;0.0;0.0;0.0;0.0;0.0;0.0;0.0;0.0;0.0;0.0;0.0;0.0;0.0;0.0;0.0;0.0;0.0;0.0;0.0;0.0;0.0;0.0;0.0;0.0;0.0;0.0;0.0
0.13;0.0;0.0;0.0;0.0;0.0;0.0;0.0;0.0;0.0;0.0;0.0;0.0;0.0;0.0;0.0;0.0;0.0;0.0;0.0;0.0;0.0;0.0;0.0;0.0;0.0;0.0;0.0;0.0;0.0;0.0;0.0;0.0;0.0;0.0;0.0;0.0;0.0;0.0;0.0;0.0;0.0;0.0;0.0;0.0;0.0;0.0;0.0;0.0;0.000661157;0.003471074;0.004132231;0.008099174;0.012892562;0.009752066;0.007933884;0.009752066;0.00892562;0.025785124;0.016033058;0.032892562;0.041652892999999996;0.047438017;0.07289256200000001;0.078347107;0.04528925599999999;0.078016529;0.076363636;0.06677686;0.058347107;0.064297521;0.125454545;0.100165289;0.073057851;0.192066116;0.127603306;0.13768595;0.219504132;0.23553719;0.19785124;0.062479339;0.132727273;0.315041322;0.29140495899999996;0.111900826;0.08743801699999999;0.14231405;0.333057851;0.205289256;0.124793388;0.329917355;0.109917355;0.18132231399999998;0.37289256200000004;0.406280992;0.14148760300000002;0.110909091;0.12677686;0.44016528899999996;0.42809917399999997;0.18446281;0.227438017;0.49520661200000005;0.124628099;0.157520661;0.190909091;0.14148760300000002;0.13933884300000002;0.502975207;0.47636363600000003;0.223305785;0.21900826399999998;0.214876033;0.20033057899999998;0.180330579;0.170413223;0.161487603;0.158842975;0.13322314;0.108264463;0.171404959;0.22231405;0.194049587;0.21090909100000002;0.163636364;0.18495867800000002;0.148099174;0.219173554;0.159173554;0.245785124;0.239338843;0.117355372;0.13057851199999998;0.204297521;0.10198347099999999;0.071239669;0.10495867800000001;0.159173554;0.149752066;0.18958677699999998;0.19553719;0.39355371899999997;0.16661157;0.138181818;0.09404958699999999;0.136694215;0.116198347;0.08710743800000001;0.141818182;0.548099174;0.117520661;0.264132231;0.142479339;0.16297520699999998;0.22661157;0.076694215;0.096694215;0.055206612;0.05785124;0.06446281;0.105123967;0.07785124;0.100495868;0.094214876;0.09619834699999999;0.085950413;0.123966942;0.12148760300000001;0.04446281;0.05966942099999999;0.11768595;0.06462809900000001;0.050247934;0.047933884;0.060495868;0.058347107;0.072231405;0.078181818;0.074380165;0.06462809900000001;0.066446281;0.03768595;0.053057850999999996;0.033719007999999995;0.02892562;0.034710744;0.035867769;0.041983470999999994;0.024793388;0.027107437999999998;0.015371901;0.016694215;0.014380165;0.017024793;0.010909091000000001;0.008099174;0.005950413000000001;0.010082645;0.008760331;0.00677686;0.000661157;0.0;0.0;0.0;0.0;0.0;0.0;0.0;0.0;0.0;0.0;0.0;0.0;0.0;0.0;0.0;0.0;0.0;0.0;0.0;0.0;0.0;0.0;0.0;0.0;0.0;0.0;0.0;0.0;0.0;0.0;0.0;0.0;0.0;0.0;0.0;0.0;0.0;0.0;0.0;0.0;0.0;0.0;0.0;0.0;0.0;0.0;0.0;0.0;0.0;0.0;0.0;0.0;0.0;0.0;0.0;0.0;0.0;0.0;0.0;0.0;0.0;0.0;0.0;0.0;0.0;0.0;0.0;0.0;0.0;0.0;0.0;0.0;0.0;0.0;0.0;0.0;0.0;0.0;0.0;0.0;0.0;0.0;0.0;0.0;0.0;0.0;0.0
0.14;0.0;0.0;0.0;0.0;0.0;0.0;0.0;0.0;0.0;0.0;0.0;0.0;0.0;0.0;0.0;0.0;0.0;0.0;0.0;0.0;0.0;0.0;0.0;0.0;0.0;0.0;0.0;0.0;0.0;0.0;0.0;0.0;0.0;0.0;0.0;0.0;0.0;0.0;0.0;0.0;0.0;0.0;0.0;0.0;0.0;0.0;0.0;0.0;0.0014876029999999999;0.0028099170000000003;0.003305785;0.005289256;0.006280991999999999;0.007107438000000001;0.008099174;0.009090909;0.012066116000000002;0.016033058;0.021983471;0.025785124;0.031404958999999996;0.038016529;0.046942149;0.054545455;0.06661157;0.074214876;0.019834711;0.096694215;0.094545455;0.031239668999999998;0.12628099199999998;0.106942149;0.151239669;0.035867769;0.165619835;0.108760331;0.19041322300000002;0.044958677999999995;0.038677686;0.236198347;0.083305785;0.22909090899999998;0.249917355;0.265950413;0.060330579;0.07768595;0.053057850999999996;0.049421488;0.072231405;0.28661157;0.078512397;0.290082645;0.30214876;0.321322314;0.36;0.07322314;0.094545455;0.05652892599999999;0.34975206600000003;0.353884298;0.365454545;0.375041322;0.052231405;0.358677686;0.35636363600000004;0.389090909;0.4;0.121983471;0.066942149;0.41570247899999996;0.41636363600000004;0.42644628100000004;0.174049587;0.455702479;0.22165289300000002;0.44446281;0.44049586799999996;0.292727273;0.46;0.447933884;0.440991736;0.42181818200000004;0.063801653;0.430743802;0.434049587;0.304793388;0.475867769;0.445619835;0.073057851;0.43041322299999996;0.42909090899999996;0.41702479299999995;0.41520661200000003;0.418677686;0.406446281;0.40842975200000003;0.41933884299999996;0.08892562;0.437355372;0.426280992;0.458016529;0.46677686;0.099173554;0.10165289300000001;0.43553719;0.41206611600000004;0.22859504100000003;0.39719008299999997;0.396198347;0.38280991700000006;0.370743802;0.351570248;0.35636363600000004;0.360495868;0.34925619799999996;0.34462809899999997;0.332727273;0.324628099;0.314876033;0.31553719;0.310743802;0.30413223100000003;0.273884298;0.286942149;0.28;0.258677686;0.253553719;0.24809917399999998;0.232892562;0.22909090899999998;0.22429752100000003;0.217190083;0.210413223;0.20247933899999998;0.19256198300000002;0.180495868;0.172561983;0.159504132;0.154545455;0.148760331;0.14066115699999998;0.13421487599999998;0.12;0.105123967;0.10066115699999999;0.09338843;0.081818182;0.069586777;0.063966942;0.055206612;0.047272727;0.039338843;0.032231405;0.025454545;0.018677686000000002;0.01322314;0.008099174;0.00677686;0.005123967;0.0042975209999999995;0.0031404959999999996;0.001983471;0.000661157;0.0;0.0;0.0;0.0;0.0;0.0;0.0;0.0;0.0;0.0;0.0;0.0;0.0;0.0;0.0;0.0;0.0;0.0;0.0;0.0;0.0;0.0;0.0;0.0;0.0;0.0;0.0;0.0;0.0;0.0;0.0;0.0;0.0;0.0;0.0;0.0;0.0;0.0;0.0;0.0;0.0;0.0;0.0;0.0;0.0;0.0;0.0;0.0;0.0;0.0;0.0;0.0;0.0;0.0;0.0;0.0;0.0;0.0;0.0;0.0;0.0;0.0;0.0;0.0;0.0;0.0;0.0;0.0;0.0;0.0;0.0;0.0;0.0;0.0;0.0;0.0;0.0;0.0;0.0;0.0;0.0;0.0;0.0;0.0
0.15;0.0;0.0;0.0;0.0;0.0;0.0;0.0;0.0;0.0;0.0;0.0;0.0;0.0;0.0;0.0;0.0;0.0;0.0;0.0;0.0;0.0;0.0;0.0;0.0;0.0;0.0;0.0;0.0;0.0;0.0;0.0;0.0;0.0;0.0;0.0;0.0;0.0;0.0;0.0;0.0;0.0;0.0;0.0;0.0;0.0;0.0;0.0;0.0;0.001983471;0.003471074;0.004628099;0.005785124;0.006942149;0.008099174;0.008099174;0.010082645;0.01322314;0.016694215;0.020991736;0.026446281000000002;0.032066116;0.01107438;0.04446281;0.053884298;0.062975207;0.07074380200000001;0.083140496;0.090909091;0.021322314;0.018677686000000002;0.117355372;0.143471074;0.019008264;0.151900826;0.17272727300000001;0.030743802;0.017190083000000002;0.021157025;0.19322314;0.228264463;0.19983471100000003;0.26859504100000003;0.065619835;0.046446281;0.08925619800000001;0.058842975;0.056363635999999995;0.06892562;0.10595041300000001;0.10925619800000001;0.071570248;0.116694215;0.11867768599999999;0.110909091;0.131239669;0.11157024800000001;0.088099174;0.133884298;0.08694214900000001;0.12231405;0.098181818;0.098842975;0.096859504;0.096694215;0.140330579;0.430082645;0.117024793;0.11322314;0.422975207;0.283966942;0.181157025;0.17900826399999997;0.389256198;0.14892562;0.13107438;0.17388429800000002;0.152066116;0.158181818;0.48264462799999996;0.438842975;0.333884298;0.159338843;0.163471074;0.068099174;0.038347107000000005;0.045123967;0.127438017;0.46066115700000004;0.133884298;0.158347107;0.10165289300000001;0.403305785;0.405619835;0.41206611600000004;0.39818181799999997;0.332066116;0.417190083;0.39785124;0.381983471;0.399008264;0.388429752;0.37371900799999996;0.36958677700000003;0.369917355;0.365454545;0.359669421;0.358016529;0.320991736;0.360330579;0.37719008299999995;0.36942148799999996;0.256694215;0.396198347;0.342479339;0.331570248;0.26231405;0.31586776899999996;0.313884298;0.306280992;0.303801653;0.300661157;0.295867769;0.287768595;0.279338843;0.279504132;0.29140495899999996;0.285123967;0.090743802;0.236198347;0.242809917;0.234380165;0.232892562;0.063636364;0.253057851;0.243305785;0.170413223;0.19322314;0.15289256199999998;0.155702479;0.14214876;0.135206612;0.114545455;0.11520661199999999;0.10446281;0.096694215;0.091570248;0.07966942099999999;0.070578512;0.025785124;0.01785124;0.034380165;0.050578512;0.035702479;0.027933884;0.021818182000000002;0.011570248;0.008595041;0.007272727;0.005123967;0.003966942;0.004793388;0.005619835;0.001983471;0.0;0.0;0.0;0.0;0.0;0.0;0.0;0.0;0.0;0.0;0.0;0.0;0.0;0.0;0.0;0.0;0.0;0.0;0.0;0.0;0.0;0.0;0.0;0.0;0.0;0.0;0.0;0.0;0.0;0.0;0.0;0.0;0.0;0.0;0.0;0.0;0.0;0.0;0.0;0.0;0.0;0.0;0.0;0.0;0.0;0.0;0.0;0.0;0.0;0.0;0.0;0.0;0.0;0.0;0.0;0.0;0.0;0.0;0.0;0.0;0.0;0.0;0.0;0.0;0.0;0.0;0.0;0.0;0.0;0.0;0.0;0.0;0.0;0.0;0.0;0.0;0.0;0.0;0.0;0.0;0.0;0.0;0.0;0.0
0.16;0.0;0.0;0.0;0.0;0.0;0.0;0.0;0.0;0.0;0.0;0.0;0.0;0.0;0.0;0.0;0.0;0.0;0.0;0.0;0.0;0.0;0.0;0.0;0.0;0.0;0.0;0.0;0.0;0.0;0.0;0.0;0.0;0.0;0.0;0.0;0.0;0.0;0.0;0.0;0.0;0.0;0.0;0.0;0.0;0.0;0.0;0.0;0.0;0.0;0.0;0.0;0.0;0.000661157;0.0031404959999999996;0.0014876029999999999;0.002975207;0.003966942;0.007438017;0.008099174;0.010743802;0.00892562;0.007438017;0.006280991999999999;0.007933884;0.010082645;0.012066116000000002;0.013884298;0.016528926;0.018016529;0.014380165;0.02;0.029917355;0.022644627999999997;0.030743802;0.030082645;0.042975207;0.043471074000000005;0.050247934;0.068429752;0.090909091;0.088595041;0.09851239699999999;0.119669421;0.296528926;0.16677686;0.10942148800000001;0.123471074;0.28214876;0.187768595;0.09256198300000001;0.280165289;0.28214876;0.283471074;0.0;0.320826446;0.304793388;0.10380165300000001;0.31553719;0.094380165;0.076033058;0.312892562;0.329256198;0.329917355;0.324628099;0.337520661;0.336363636;0.35371900799999995;0.354545455;0.362975207;0.360661157;0.357190083;0.36710743799999995;0.361322314;0.356528926;0.163966942;0.36446281;0.374545455;0.36710743799999995;0.36958677700000003;0.369752066;0.386446281;0.385950413;0.374710744;0.376363636;0.381983471;0.385619835;0.389256198;0.38297520700000004;0.38677686;0.380991736;0.386446281;0.38760330600000004;0.384628099;0.38677686;0.39289256200000006;0.38661157;0.382479339;0.38016528899999996;0.378347107;0.38148760299999995;0.380661157;0.375371901;0.371239669;0.367933884;0.36413223100000003;0.363471074;0.366942149;0.36214876;0.36644628100000004;0.364958678;0.35173553700000004;0.34595041299999996;0.140330579;0.35520661200000003;0.342809917;0.336363636;0.157520661;0.169256198;0.100826446;0.34876033100000003;0.350082645;0.325619835;0.300661157;0.28198347100000004;0.101157025;0.21355371899999998;0.083636364;0.290909091;0.29553719;0.16677686;0.145454545;0.139834711;0.095371901;0.24214876;0.161983471;0.153884298;0.17537190100000002;0.12892562;0.18;0.170082645;0.052892562000000004;0.078512397;0.13553719;0.07107438;0.03338843;0.040330579;0.04;0.026115702;0.019338843;0.016198347;0.013719008000000001;0.019338843;0.009586777;0.009256198;0.005619835;0.005289256;0.003471074;0.0028099170000000003;0.001983471;0.0;0.0;0.0;0.0;0.0;0.0;0.0;0.0;0.0;0.0;0.0;0.0;0.0;0.0;0.0;0.0;0.0;0.0;0.0;0.0;0.0;0.0;0.0;0.0;0.0;0.0;0.0;0.0;0.0;0.0;0.0;0.0;0.0;0.0;0.0;0.0;0.0;0.0;0.0;0.0;0.0;0.0;0.0;0.0;0.0;0.0;0.0;0.0;0.0;0.0;0.0;0.0;0.0;0.0;0.0;0.0;0.0;0.0;0.0;0.0;0.0;0.0;0.0;0.0;0.0;0.0;0.0;0.0;0.0;0.0;0.0;0.0;0.0;0.0;0.0;0.0;0.0;0.0;0.0;0.0;0.0;0.0;0.0;0.0;0.0;0.0;0.0;0.0
0.17;0.0;0.0;0.0;0.0;0.0;0.0;0.0;0.0;0.0;0.0;0.0;0.0;0.0;0.0;0.0;0.0;0.0;0.0;0.0;0.0;0.0;0.0;0.0;0.0;0.0;0.0;0.0;0.0;0.0;0.0;0.0;0.0;0.0;0.0;0.0;0.0;0.0;0.0;0.0;0.0;0.0;0.0;0.0;0.0;0.0;0.0;0.0;0.0;0.003305785;0.003305785;0.0;0.0;0.0008264460000000001;0.0;0.0008264460000000001;0.0;0.0;0.000661157;0.037190083;0.022975207;0.020826446000000002;0.036859504;0.021818182000000002;0.032231405;0.052231405;0.06495867799999999;0.049421488;0.071570248;0.067933884;0.052727273;0.04;0.045454545;0.055041322000000004;0.070413223;0.07900826400000001;0.08446281;0.250082645;0.179338843;0.19983471100000003;0.132727273;0.279173554;0.265454545;0.287603306;0.324958678;0.283636364;0.17272727300000001;0.15867768599999998;0.107603306;0.09173553699999999;0.104628099;0.085950413;0.074876033;0.09404958699999999;0.191570248;0.170909091;0.19123966899999997;0.41140495899999996;0.379834711;0.12082644599999999;0.48314049600000003;0.40231405;0.400165289;0.41322314;0.198842975;0.196198347;0.119834711;0.180661157;0.239834711;0.12380165300000001;0.185289256;0.54892562;0.15768595;0.395206612;0.48446281;0.183801653;0.183140496;0.55107438;0.52892562;0.470413223;0.278347107;0.137520661;0.09768595;0.155206612;0.17603305800000002;0.22297520699999998;0.17388429800000002;0.500165289;0.566942149;0.18909090899999997;0.061652893;0.047603306;0.21305785100000002;0.080826446;0.096859504;0.310247934;0.09190082599999999;0.19553719;0.22677686;0.269256198;0.11388429800000001;0.10165289300000001;0.09256198300000001;0.077355372;0.08628099199999999;0.052231405;0.030578512000000002;0.048099174;0.069421488;0.163966942;0.112231405;0.061157025;0.063636364;0.07917355400000001;0.179338843;0.142644628;0.14793388400000002;0.146115702;0.093057851;0.085785124;0.217355372;0.130413223;0.130247934;0.161157025;0.129586777;0.156033058;0.065123967;0.083636364;0.094710744;0.05355371900000001;0.046115702;0.054380165;0.047933884;0.045619835;0.070413223;0.112396694;0.142479339;0.128264463;0.068429752;0.09272727300000001;0.066280992;0.085619835;0.07752066099999999;0.061652893;0.055206612;0.058677686;0.027933884;0.022479338999999997;0.018677686000000002;0.009421488;0.018512397;0.011570248;0.012066116000000002;0.007933884;0.008595041;0.011570248;0.018347106999999998;0.025619835;0.018512397;0.010082645;0.007933884;0.005619835;0.003305785;0.002479339;0.00231405;0.0;0.0;0.0;0.0;0.0;0.0;0.0;0.0;0.0;0.0;0.0;0.0;0.0;0.0;0.0;0.0;0.0;0.0;0.0;0.0;0.0;0.0;0.0;0.0;0.0;0.0;0.0;0.0;0.0;0.0;0.0;0.0;0.0;0.0;0.0;0.0;0.0;0.0;0.0;0.0;0.0;0.0;0.0;0.0;0.0;0.0;0.0;0.0;0.0;0.0;0.0;0.0;0.0;0.0;0.0;0.0;0.0;0.0;0.0;0.0;0.0;0.0;0.0;0.0;0.0;0.0;0.0;0.0;0.0;0.0;0.0;0.0;0.0;0.0;0.0;0.0;0.0;0.0;0.0;0.0;0.0;0.0;0.0
0.18;0.0;0.0;0.0;0.0;0.0;0.0;0.0;0.0;0.0;0.0;0.0;0.0;0.0;0.0;0.0;0.0;0.0;0.0;0.0;0.0;0.0;0.0;0.0;0.0;0.0;0.0;0.0;0.0;0.0;0.0;0.0;0.0;0.0;0.0;0.0;0.0;0.0;0.0;0.0;0.0;0.0;0.0;0.0;0.0;0.0;0.0;0.0;0.0;0.002644628;0.003801653;0.005289256;0.005785124;0.007438017;0.0;0.00892562;0.012066116000000002;0.019173554;0.019338843;0.023966942;0.029421488;0.035867769;0.042809917;0.05140495900000001;0.059008264000000005;0.068099174;0.075867769;0.085123967;0.095206612;0.104628099;0.11388429800000001;0.121983471;0.13173553699999999;0.139173554;0.149586777;0.15867768599999998;0.16909090899999998;0.176198347;0.184132231;0.19322314;0.199669421;0.20760330600000002;0.21636363600000003;0.23520661199999998;0.23553719;0.241818182;0.247272727;0.255041322;0.26214876;0.270082645;0.279008264;0.283305785;0.295041322;0.303636364;0.311239669;0.327272727;0.318677686;0.331404959;0.336859504;0.21404958699999999;0.14578512400000002;0.280826446;0.372066116;0.354545455;0.35107438;0.35074380200000005;0.360661157;0.375702479;0.371570248;0.37768595;0.40214876;0.389256198;0.084628099;0.081652893;0.382644628;0.38049586799999996;0.385785124;0.39553719;0.39338843;0.395371901;0.390082645;0.39768595;0.395867769;0.391404959;0.39719008299999997;0.39289256200000006;0.395371901;0.403305785;0.400826446;0.396528926;0.398512397;0.401157025;0.398016529;0.396859504;0.39867768600000003;0.39818181799999997;0.4;0.399834711;0.400495868;0.39768595;0.394710744;0.387768595;0.387768595;0.389256198;0.386115702;0.38429752100000003;0.380661157;0.38016528899999996;0.378016529;0.37702479299999997;0.371404959;0.368099174;0.364958678;0.363471074;0.36231405;0.35520661200000003;0.350578512;0.346446281;0.34231405;0.339008264;0.329917355;0.325454545;0.31553719;0.309586777;0.30297520699999997;0.289421488;0.280495868;0.27537190100000003;0.25785124;0.25553719;0.24826446300000002;0.243305785;0.23636363600000002;0.228099174;0.22165289300000002;0.21090909100000002;0.19785124;0.190082645;0.17471074399999997;0.167438017;0.159008264;0.156033058;0.139669421;0.130247934;0.117355372;0.10628099199999999;0.10165289300000001;0.089917355;0.07752066099999999;0.069421488;0.058677686;0.050082645;0.041157025;0.025619835;0.02446281;0.018677686000000002;0.012066116000000002;0.004958678;0.004958678;0.002975207;0.00231405;0.0014876029999999999;0.000495868;0.0;0.0;0.0;0.0;0.0;0.0;0.0;0.0;0.0;0.0;0.0;0.0;0.0;0.0;0.0;0.0;0.0;0.0;0.0;0.0;0.0;0.0;0.0;0.0;0.0;0.0;0.0;0.0;0.0;0.0;0.0;0.0;0.0;0.0;0.0;0.0;0.0;0.0;0.0;0.0;0.0;0.0;0.0;0.0;0.0;0.0;0.0;0.0;0.0;0.0;0.0;0.0;0.0;0.0;0.0;0.0;0.0;0.0;0.0;0.0;0.0;0.0;0.0;0.0;0.0;0.0;0.0;0.0;0.0;0.0;0.0;0.0;0.0;0.0;0.0;0.0;0.0;0.0;0.0;0.0;0.0;0.0;0.0;0.0;0.0
0.19;0.0;0.0;0.0;0.0;0.0;0.0;0.0;0.0;0.0;0.0;0.0;0.0;0.0;0.0;0.0;0.0;0.0;0.0;0.0;0.0;0.0;0.0;0.0;0.0;0.0;0.0;0.0;0.0;0.0;0.0;0.0;0.0;0.0;0.0;0.0;0.0;0.0;0.0;0.0;0.0;0.0;0.0;0.0;0.0;0.0;0.0;0.0;0.0;0.007768595;0.007768595;0.010082645;0.011404959;0.013553718999999999;0.015867769;0.010743802;0.018016529;0.019669421;0.029090908999999998;0.034049587;0.02661157;0.027933884;0.027438017000000002;0.031404958999999996;0.060826446;0.076694215;0.095206612;0.11388429800000001;0.11834710699999999;0.12892562;0.143140496;0.14892562;0.157024793;0.150909091;0.15338843;0.16297520699999998;0.17107438;0.176198347;0.18495867800000002;0.08479338800000001;0.213884298;0.075867769;0.061322314;0.061322314;0.063966942;0.069917355;0.058016529000000004;0.072727273;0.069090909;0.07289256200000001;0.301487603;0.293553719;0.328429752;0.125123967;0.082479339;0.082809917;0.087272727;0.09272727300000001;0.07289256200000001;0.07074380200000001;0.061652893;0.055867769000000005;0.341818182;0.35702479299999995;0.36611570200000004;0.368595041;0.37272727299999997;0.117355372;0.389421488;0.383140496;0.38694214899999996;0.39719008299999997;0.398842975;0.39768595;0.41471074399999996;0.40826446299999997;0.412231405;0.430247934;0.239834711;0.46198347100000003;0.10231405;0.458512397;0.48231405;0.101818182;0.152727273;0.435041322;0.109917355;0.436033058;0.43338843;0.420826446;0.430247934;0.42181818200000004;0.410082645;0.40842975200000003;0.40595041299999995;0.40727272700000006;0.409586777;0.411900826;0.34677686;0.278016529;0.27322314;0.34066115700000005;0.371570248;0.392231405;0.392066116;0.398016529;0.38628099200000005;0.325785124;0.380330579;0.383636364;0.38446281;0.381157025;0.374876033;0.368595041;0.364958678;0.35603305799999996;0.339173554;0.34925619799999996;0.349917355;0.347768595;0.338512397;0.339173554;0.327768595;0.306280992;0.292396694;0.233553719;0.226115702;0.25107438;0.23206611600000002;0.227768595;0.259008264;0.230743802;0.204297521;0.149090909;0.199669421;0.18909090899999997;0.192066116;0.185123967;0.17818181800000002;0.168264463;0.16165289300000002;0.15289256199999998;0.143966942;0.131570248;0.12297520699999999;0.112231405;0.10429752099999999;0.095206612;0.08479338800000001;0.074214876;0.06661157;0.041652892999999996;0.047933884;0.040165289;0.040165289;0.023801653;0.018016529;0.011900826000000002;0.006280991999999999;0.004793388;0.003966942;0.0031404959999999996;0.001983471;0.0008264460000000001;0.0;0.0;0.0;0.0;0.0;0.0;0.0;0.0;0.0;0.0;0.0;0.0;0.0;0.0;0.0;0.0;0.0;0.0;0.0;0.0;0.0;0.0;0.0;0.0;0.0;0.0;0.0;0.0;0.0;0.0;0.0;0.0;0.0;0.0;0.0;0.0;0.0;0.0;0.0;0.0;0.0;0.0;0.0;0.0;0.0;0.0;0.0;0.0;0.0;0.0;0.0;0.0;0.0;0.0;0.0;0.0;0.0;0.0;0.0;0.0;0.0;0.0;0.0;0.0;0.0;0.0;0.0;0.0;0.0;0.0;0.0;0.0;0.0;0.0;0.0;0.0;0.0;0.0;0.0;0.0;0.0;0.0;0.0;0.0
0.20;0.0;0.0;0.0;0.0;0.0;0.0;0.0;0.0;0.0;0.0;0.0;0.0;0.0;0.0;0.0;0.0;0.0;0.0;0.0;0.0;0.0;0.0;0.0;0.0;0.0;0.0;0.0;0.0;0.0;0.0;0.0;0.0;0.0;0.0;0.0;0.0;0.0;0.0;0.0;0.0;0.0;0.0;0.0;0.0;0.0;0.0;0.0;0.0;0.0;0.0;0.001652893;0.001157025;0.001322314;0.007768595;0.01322314;0.019008264;0.021322314;0.021983471;0.020661157;0.017024793;0.019504132;0.02231405;0.032396694;0.04446281;0.041818182;0.05140495900000001;0.054710744000000006;0.109586777;0.071570248;0.079504132;0.130909091;0.069256198;0.16082644599999998;0.09404958699999999;0.19322314;0.19355371899999999;0.186115702;0.183140496;0.191570248;0.19719008300000002;0.20975206600000001;0.21107438;0.230743802;0.074545455;0.078016529;0.17322314;0.08479338800000001;0.18099173600000001;0.28;0.290909091;0.30661157;0.106942149;0.29338843;0.294049587;0.334876033;0.126942149;0.136694215;0.09140495900000001;0.319834711;0.090413223;0.098181818;0.34826446299999997;0.34925619799999996;0.347768595;0.347768595;0.36611570200000004;0.37388429799999995;0.39933884299999994;0.40198347100000004;0.300991736;0.432561983;0.125289256;0.10595041300000001;0.09619834699999999;0.094545455;0.08479338800000001;0.10066115699999999;0.12214876;0.420495868;0.44297520700000004;0.480826446;0.12;0.124958678;0.123305785;0.11553719;0.12710743800000002;0.12297520699999999;0.13107438;0.152396694;0.431900826;0.44049586799999996;0.42380165299999994;0.40363636399999997;0.39404958700000003;0.38628099200000005;0.38380165299999996;0.38495867799999994;0.385619835;0.38429752100000003;0.38429752100000003;0.38429752100000003;0.381157025;0.37785124;0.388760331;0.381157025;0.375702479;0.37553719;0.391735537;0.395867769;0.383636364;0.398016529;0.424297521;0.42909090899999996;0.262975207;0.319834711;0.205123967;0.356859504;0.35504132200000005;0.337024793;0.294545455;0.36;0.321983471;0.088099174;0.326280992;0.319669421;0.285454545;0.302644628;0.29338843;0.285619835;0.27107438;0.068264463;0.203305785;0.071900826;0.246280992;0.241983471;0.132231405;0.21619834699999999;0.08909090900000001;0.054380165;0.073057851;0.130247934;0.124297521;0.110247934;0.10231405;0.095371901;0.08628099199999999;0.076198347;0.06661157;0.06;0.048760331;0.042809917;0.032727273;0.027768595;0.020165289;0.014545455;0.007272727;0.006446281;0.00446281;0.003801653;0.0028099170000000003;0.001983471;0.000661157;0.0;0.0;0.0;0.0;0.0;0.0;0.0;0.0;0.0;0.0;0.0;0.0;0.0;0.0;0.0;0.0;0.0;0.0;0.0;0.0;0.0;0.0;0.0;0.0;0.0;0.0;0.0;0.0;0.0;0.0;0.0;0.0;0.0;0.0;0.0;0.0;0.0;0.0;0.0;0.0;0.0;0.0;0.0;0.0;0.0;0.0;0.0;0.0;0.0;0.0;0.0;0.0;0.0;0.0;0.0;0.0;0.0;0.0;0.0;0.0;0.0;0.0;0.0;0.0;0.0;0.0;0.0;0.0;0.0;0.0;0.0;0.0;0.0;0.0;0.0;0.0;0.0;0.0;0.0;0.0;0.0;0.0;0.0;0.0;0.0
0.21;0.0;0.0;0.0;0.0;0.0;0.0;0.0;0.0;0.0;0.0;0.0;0.0;0.0;0.0;0.0;0.0;0.0;0.0;0.0;0.0;0.0;0.0;0.0;0.0;0.0;0.0;0.0;0.0;0.0;0.0;0.0;0.0;0.0;0.0;0.0;0.0;0.0;0.0;0.0;0.0;0.0;0.0;0.0;0.0;0.0;0.0;0.0;0.0;0.003966942;0.005454545;0.007107438000000001;0.011404959;0.01322314;0.023140496;0.024793388;0.031404958999999996;0.030743802;0.036859504;0.044297521;0.039669421;0.041983470999999994;0.032066116;0.041652892999999996;0.06462809900000001;0.049421488;0.08710743800000001;0.037355372000000005;0.096363636;0.108099174;0.115702479;0.118842975;0.137520661;0.144132231;0.139669421;0.167603306;0.16909090899999998;0.177190083;0.18644628100000002;0.20611570199999998;0.21090909100000002;0.210413223;0.234876033;0.056033058;0.245289256;0.053884298;0.136694215;0.259338843;0.259338843;0.260330579;0.27785124;0.298347107;0.305454545;0.048760331;0.039338843;0.047272727;0.304628099;0.332727273;0.330578512;0.109586777;0.336033058;0.346446281;0.058512397;0.33338843;0.34;0.35636363600000004;0.37785124;0.12842975199999998;0.22694214899999998;0.38859504100000003;0.398842975;0.256694215;0.40297520700000006;0.385454545;0.394214876;0.39404958700000003;0.400165289;0.39487603299999996;0.388099174;0.39834710700000003;0.164628099;0.380661157;0.395371901;0.39504132200000003;0.38495867799999994;0.39289256200000006;0.38826446299999995;0.38446281;0.39057851200000004;0.402809917;0.420826446;0.423636364;0.09785124;0.418677686;0.083471074;0.404132231;0.39404958700000003;0.396859504;0.39867768600000003;0.388099174;0.387933884;0.38446281;0.04231405;0.371404959;0.36214876;0.35768595;0.36264462799999997;0.362975207;0.357520661;0.34793388399999997;0.34396694200000005;0.34165289299999996;0.339669421;0.333884298;0.332727273;0.325619835;0.322644628;0.31752066100000004;0.312231405;0.309586777;0.30413223100000003;0.298512397;0.29206611600000004;0.283966942;0.27867768600000004;0.256198347;0.258842975;0.251900826;0.238347107;0.23123966899999998;0.224628099;0.21685950399999998;0.209917355;0.203636364;0.197355372;0.18925619800000001;0.17636363600000002;0.16793388399999998;0.153057851;0.147603306;0.139669421;0.131239669;0.116694215;0.10611570199999999;0.104628099;0.10165289300000001;0.08661157;0.075206612;0.064132231;0.05652892599999999;0.047272727;0.040661157;0.032231405;0.02661157;0.019008264;0.012561983;0.007933884;0.007272727;0.005289256;0.003966942;0.003471074;0.00231405;0.0008264460000000001;0.0;0.0;0.0;0.0;0.0;0.0;0.0;0.0;0.0;0.0;0.0;0.0;0.0;0.0;0.0;0.0;0.0;0.0;0.0;0.0;0.0;0.0;0.0;0.0;0.0;0.0;0.0;0.0;0.0;0.0;0.0;0.0;0.0;0.0;0.0;0.0;0.0;0.0;0.0;0.0;0.0;0.0;0.0;0.0;0.0;0.0;0.0;0.0;0.0;0.0;0.0;0.0;0.0;0.0;0.0;0.0;0.0;0.0;0.0;0.0;0.0;0.0;0.0;0.0;0.0;0.0;0.0;0.0;0.0;0.0;0.0;0.0;0.0;0.0;0.0;0.0;0.0;0.0;0.0;0.0;0.0;0.0;0.0;0.0;0.0
0.22;0.0;0.0;0.0;0.0;0.0;0.0;0.0;0.0;0.0;0.0;0.0;0.0;0.0;0.0;0.0;0.0;0.0;0.0;0.0;0.0;0.0;0.0;0.0;0.0;0.0;0.0;0.0;0.0;0.0;0.0;0.0;0.0;0.0;0.0;0.0;0.0;0.0;0.0;0.0;0.0;0.0;0.0;0.0;0.0;0.0;0.0;0.0;0.0;0.0036363640000000004;0.0036363640000000004;0.00661157;0.008099174;0.010743802;0.017520661;0.018677686000000002;0.025289256;0.026446281000000002;0.020495868;0.020495868;0.020661157;0.023140496;0.033057851;0.037355372000000005;0.045785124;0.050909091;0.053884298;0.055867769000000005;0.05355371900000001;0.055206612;0.074545455;0.069586777;0.061983471;0.048264463;0.034876033;0.028429752000000003;0.025123967;0.023471073999999998;0.020826446000000002;0.019338843;0.018347106999999998;0.014710744;0.01107438;0.008595041;0.006942149;0.00677686;0.006280991999999999;0.006115702;0.006115702;0.00677686;0.007272727;0.007933884;0.010743802;0.012892562;0.013719008000000001;0.012396694;0.009421488;0.017355372;0.026446281000000002;0.05652892599999999;0.089917355;0.20462809899999998;0.13173553699999999;0.23322314;0.15289256199999998;0.121157025;0.090082645;0.091570248;0.136033058;0.07966942099999999;0.072066116;0.065123967;0.07471074400000001;0.09338843;0.092396694;0.08479338800000001;0.40446281;0.227438017;0.11057851199999999;0.11520661199999999;0.247933884;0.405619835;0.227438017;0.117520661;0.435371901;0.448099174;0.118842975;0.251404959;0.09487603300000001;0.43702479299999997;0.429256198;0.112066116;0.081652893;0.061652893;0.402479339;0.34495867799999996;0.382644628;0.38479338799999996;0.363966942;0.384628099;0.37586776899999996;0.372066116;0.36710743799999995;0.366942149;0.36710743799999995;0.36611570200000004;0.363305785;0.360330579;0.35768595;0.351239669;0.347272727;0.344297521;0.338016529;0.334545455;0.33123966899999996;0.32710743800000003;0.321983471;0.31768595;0.31603305800000003;0.313057851;0.301322314;0.298842975;0.293719008;0.275041322;0.28231405;0.275867769;0.25586776899999997;0.25107438;0.244132231;0.231900826;0.227603306;0.216694215;0.211239669;0.20148760300000002;0.196859504;0.17338843;0.17471074399999997;0.17206611600000002;0.159338843;0.147768595;0.137520661;0.12892562;0.11851239699999999;0.10661157;0.090082645;0.08925619800000001;0.077355372;0.074876033;0.06677686;0.060495868;0.054214875999999995;0.042644628;0.038347107000000005;0.029917355;0.025289256;0.018677686000000002;0.008760331;0.007768595;0.00677686;0.005454545;0.0042975209999999995;0.003305785;0.0018181820000000002;0.000661157;0.0;0.0;0.0;0.0;0.0;0.0;0.0;0.0;0.0;0.0;0.0;0.0;0.0;0.0;0.0;0.0;0.0;0.0;0.0;0.0;0.0;0.0;0.0;0.0;0.0;0.0;0.0;0.0;0.0;0.0;0.0;0.0;0.0;0.0;0.0;0.0;0.0;0.0;0.0;0.0;0.0;0.0;0.0;0.0;0.0;0.0;0.0;0.0;0.0;0.0;0.0;0.0;0.0;0.0;0.0;0.0;0.0;0.0;0.0;0.0;0.0;0.0;0.0;0.0;0.0;0.0;0.0;0.0;0.0;0.0;0.0;0.0;0.0;0.0;0.0;0.0;0.0;0.0;0.0;0.0;0.0;0.0;0.0;0.0
0.23;0.0;0.0;0.0;0.0;0.0;0.0;0.0;0.0;0.0;0.0;0.0;0.0;0.0;0.0;0.0;0.0;0.0;0.0;0.0;0.0;0.0;0.0;0.0;0.0;0.0;0.0;0.0;0.0;0.0;0.0;0.0;0.0;0.0;0.0;0.0;0.0;0.0;0.0;0.0;0.0;0.0;0.0;0.0;0.0;0.0;0.0;0.0;0.0;0.0031404959999999996;0.0031404959999999996;0.00446281;0.005289256;0.005950413000000001;0.00677686;0.007603306;0.007768595;0.008595041;0.012231405;0.02231405;0.02661157;0.033884298;0.038347107000000005;0.044132230999999994;0.053057850999999996;0.062479339;0.073884298;0.080826446;0.082809917;0.069421488;0.100330579;0.110082645;0.11322314;0.124958678;0.137024793;0.141652893;0.146942149;0.160330579;0.021322314;0.179338843;0.023305785;0.18892562;0.19752066100000001;0.21090909100000002;0.221818182;0.231404959;0.23768595;0.229752066;0.24892562;0.25735537199999997;0.269752066;0.276694215;0.290578512;0.123140496;0.05768595;0.323140496;0.083801653;0.062975207;0.071570248;0.08925619800000001;0.095867769;0.353553719;0.372396694;0.09834710699999999;0.196859504;0.06462809900000001;0.07553719;0.39504132200000003;0.409752066;0.10595041300000001;0.085454545;0.088099174;0.096859504;0.085454545;0.389917355;0.39785124;0.41074380200000005;0.34925619799999996;0.09719008300000001;0.21619834699999999;0.39719008299999997;0.41504132200000005;0.371404959;0.395702479;0.40264462799999995;0.403305785;0.402479339;0.068264463;0.39818181799999997;0.40214876;0.39256198299999995;0.20677686;0.401157025;0.427603306;0.412231405;0.380991736;0.39074380200000003;0.383305785;0.39487603299999996;0.375371901;0.364958678;0.363636364;0.363471074;0.36413223100000003;0.36264462799999997;0.361983471;0.360991736;0.35785124;0.35206611600000004;0.34892562;0.34214876;0.338842975;0.340165289;0.332231405;0.314876033;0.314876033;0.310578512;0.303305785;0.300165289;0.29338843;0.28892562;0.283471074;0.276198347;0.262809917;0.255371901;0.249917355;0.23586776899999998;0.230413223;0.223305785;0.216528926;0.209586777;0.20264462800000002;0.194710744;0.181652893;0.174049587;0.163140496;0.154545455;0.14661157;0.140495868;0.132396694;0.12066115699999999;0.10942148800000001;0.100991736;0.095206612;0.087272727;0.07553719;0.066115702;0.056363635999999995;0.047603306;0.04231405;0.032892562;0.027933884;0.020330578999999998;0.006942149;0.006446281;0.005950413000000001;0.003966942;0.003305785;0.00214876;0.001322314;0.0;0.0;0.0;0.0;0.0;0.0;0.0;0.0;0.0;0.0;0.0;0.0;0.0;0.0;0.0;0.0;0.0;0.0;0.0;0.0;0.0;0.0;0.0;0.0;0.0;0.0;0.0;0.0;0.0;0.0;0.0;0.0;0.0;0.0;0.0;0.0;0.0;0.0;0.0;0.0;0.0;0.0;0.0;0.0;0.0;0.0;0.0;0.0;0.0;0.0;0.0;0.0;0.0;0.0;0.0;0.0;0.0;0.0;0.0;0.0;0.0;0.0;0.0;0.0;0.0;0.0;0.0;0.0;0.0;0.0;0.0;0.0;0.0;0.0;0.0;0.0;0.0;0.0;0.0;0.0;0.0;0.0;0.0;0.0;0.0;0.0;0.0;0.0
0.24;0.0;0.0;0.0;0.0;0.0;0.0;0.0;0.0;0.0;0.0;0.0;0.0;0.0;0.0;0.0;0.0;0.0;0.0;0.0;0.0;0.0;0.0;0.0;0.0;0.0;0.0;0.0;0.0;0.0;0.0;0.0;0.0;0.0;0.0;0.0;0.0;0.0;0.0;0.0;0.0;0.0;0.0;0.0;0.0;0.0;0.0;0.0;0.0;0.007933884;0.007933884;0.009421488;0.010247934;0.011570248;0.013553718999999999;0.016528926;0.020165289;0.024297521000000002;0.027272727000000004;0.030413223;0.030909091;0.032561982999999996;0.033719007999999995;0.034380165;0.034380165;0.032892562;0.030743802;0.028760331;0.02661157;0.025785124;0.025289256;0.025785124;0.026942149;0.027768595;0.027933884;0.027768595;0.028429752000000003;0.031239668999999998;0.035371901000000004;0.040661157;0.046280992;0.053057850999999996;0.058842975;0.06495867799999999;0.075702479;0.08661157;0.137520661;0.261157025;0.27768595;0.25685950399999996;0.243305785;0.292727273;0.267438017;0.259008264;0.13173553699999999;0.355371901;0.32429752100000003;0.30909090899999997;0.13107438;0.136033058;0.131570248;0.133884298;0.126115702;0.100330579;0.385123967;0.251900826;0.38214876;0.13338843;0.136198347;0.15652892599999998;0.136033058;0.431900826;0.12165289300000001;0.401157025;0.42958677700000003;0.10842975199999999;0.099173554;0.392396694;0.380661157;0.39404958700000003;0.42214876;0.27123966899999996;0.071900826;0.1;0.220661157;0.410247934;0.434545455;0.34842975200000004;0.10347107400000001;0.484793388;0.085454545;0.096528926;0.45338843;0.318016529;0.179834711;0.072561983;0.065454545;0.401157025;0.38958677700000005;0.299173554;0.294380165;0.290578512;0.283636364;0.276859504;0.271404959;0.256694215;0.250082645;0.239338843;0.22578512399999998;0.219669421;0.21074380199999998;0.208595041;0.20231405;0.194876033;0.18661157;0.17471074399999997;0.165785124;0.152396694;0.146115702;0.138181818;0.131900826;0.123966942;0.11157024800000001;0.10165289300000001;0.092892562;0.085454545;0.074545455;0.063801653;0.059834711;0.050743802000000005;0.042975207;0.036694215;0.027768595;0.022479338999999997;0.016528926;0.007768595;0.007768595;0.006446281;0.004793388;0.003966942;0.0028099170000000003;0.001652893;0.000330579;0.0;0.0;0.0;0.0;0.0;0.0;0.0;0.0;0.0;0.0;0.0;0.0;0.0;0.0;0.0;0.0;0.0;0.0;0.0;0.0;0.0;0.0;0.0;0.0;0.0;0.0;0.0;0.0;0.0;0.0;0.0;0.0;0.0;0.0;0.0;0.0;0.0;0.0;0.0;0.0;0.0;0.0;0.0;0.0;0.0;0.0;0.0;0.0;0.0;0.0;0.0;0.0;0.0;0.0;0.0;0.0;0.0;0.0;0.0;0.0;0.0;0.0;0.0;0.0;0.0;0.0;0.0;0.0;0.0;0.0;0.0;0.0;0.0;0.0;0.0;0.0;0.0;0.0;0.0;0.0;0.0;0.0;0.0;0.0;0.0;0.0;0.0;0.0;0.0;0.0;0.0;0.0;0.0;0.0;0.0;0.0;0.0;0.0;0.0;0.0;0.0;0.0;0.0;0.0;0.0
0.25;0.0;0.0;0.0;0.0;0.0;0.0;0.0;0.0;0.0;0.0;0.0;0.0;0.0;0.0;0.0;0.0;0.0;0.0;0.0;0.0;0.0;0.0;0.0;0.0;0.0;0.0;0.0;0.0;0.0;0.0;0.0;0.0;0.0;0.0;0.0;0.0;0.0;0.0;0.0;0.0;0.0;0.0;0.0;0.0;0.0;0.0;0.0;0.0;0.000495868;0.0;0.0;0.0;0.000330579;0.0042975209999999995;0.004628099;0.007768595;0.008595041;0.010247934;0.013553718999999999;0.018677686000000002;0.022975207;0.02661157;0.03107438;0.037355372000000005;0.035867769;0.036859504;0.036198347;0.032561982999999996;0.02446281;0.02;0.020991736;0.018512397;0.022644627999999997;0.021983471;0.024793388;0.02214876;0.016859503999999997;0.023636364;0.024297521000000002;0.024628099;0.027933884;0.031570247999999995;0.04528925599999999;0.054380165;0.056694215;0.054049587;0.051239669;0.050578512;0.027603306;0.032396694;0.040165289;0.047603306;0.049752066;0.041983470999999994;0.036363636;0.043305785;0.06214876;0.068429752;0.085785124;0.109586777;0.094710744;0.098842975;0.10446281;0.088760331;0.35900826399999997;0.364958678;0.36677686;0.227603306;0.344297521;0.350578512;0.371404959;0.29768595;0.0;0.0;0.0;0.0;0.385950413;0.38495867799999994;0.40595041299999995;0.10892562;0.08892562;0.059173554;0.09619834699999999;0.137024793;0.22297520699999998;0.37917355399999997;0.383636364;0.367768595;0.38628099200000005;0.381652893;0.38677686;0.39024793399999996;0.38495867799999994;0.38;0.375041322;0.37768595;0.394380165;0.21322314;0.278016529;0.336033058;0.36214876;0.358842975;0.350247934;0.350578512;0.34743801700000004;0.345619835;0.341487603;0.34495867799999996;0.34495867799999996;0.339669421;0.336198347;0.326446281;0.321322314;0.318677686;0.317190083;0.311239669;0.29785124;0.3;0.294214876;0.289421488;0.287272727;0.285619835;0.273553719;0.269090909;0.255206612;0.246115702;0.238512397;0.229752066;0.220826446;0.21471074399999998;0.20677686;0.199669421;0.197024793;0.18892562;0.17322314;0.166115702;0.15652892599999998;0.147107438;0.13768595;0.128099174;0.119008264;0.10661157;0.10165289300000001;0.09272727300000001;0.08710743800000001;0.07785124;0.061652893;0.063471074;0.05652892599999999;0.044132230999999994;0.02231405;0.028595041;0.027107437999999998;0.018677686000000002;0.02231405;0.01785124;0.012231405;0.009752066;0.011735536999999999;0.005454545;0.002644628;0.0014876029999999999;0.0;0.0;0.0;0.0;0.0;0.0;0.0;0.0;0.0;0.0;0.0;0.0;0.0;0.0;0.0;0.0;0.0;0.0;0.0;0.0;0.0;0.0;0.0;0.0;0.0;0.0;0.0;0.0;0.0;0.0;0.0;0.0;0.0;0.0;0.0;0.0;0.0;0.0;0.0;0.0;0.0;0.0;0.0;0.0;0.0;0.0;0.0;0.0;0.0;0.0;0.0;0.0;0.0;0.0;0.0;0.0;0.0;0.0;0.0;0.0;0.0;0.0;0.0;0.0;0.0;0.0;0.0;0.0;0.0;0.0;0.0;0.0;0.0;0.0;0.0;0.0;0.0;0.0;0.0;0.0;0.0;0.0;0.0;0.0;0.0
0.26;0.0;0.0;0.0;0.0;0.0;0.0;0.0;0.0;0.0;0.0;0.0;0.0;0.0;0.0;0.0;0.0;0.0;0.0;0.0;0.0;0.0;0.0;0.0;0.0;0.0;0.0;0.0;0.0;0.0;0.0;0.0;0.0;0.0;0.0;0.0;0.0;0.0;0.0;0.0;0.0;0.0;0.0;0.0;0.0;0.0;0.0;0.0;0.0;0.0042975209999999995;0.0042975209999999995;0.005289256;0.00677686;0.006280991999999999;0.007768595;0.010743802;0.014380165;0.01768595;0.020165289;0.023636364;0.02231405;0.027272727000000004;0.017024793;0.020165289;0.045454545;0.054876033;0.063471074;0.080330579;0.052892562000000004;0.140826446;0.143801653;0.13107438;0.159008264;0.166280992;0.18;0.181652893;0.17752066100000002;0.18644628100000002;0.18859504100000002;0.19867768600000002;0.205454545;0.217190083;0.218181818;0.12677686;0.226115702;0.222644628;0.23553719;0.24975206600000002;0.26694214899999996;0.277024793;0.282644628;0.297190083;0.309256198;0.070247934;0.32;0.08975206599999999;0.132892562;0.078016529;0.323140496;0.34925619799999996;0.105619835;0.382644628;0.07338843;0.09140495900000001;0.269917355;0.12380165300000001;0.09933884300000001;0.395206612;0.09983471099999999;0.08661157;0.141983471;0.100495868;0.080495868;0.070909091;0.078016529;0.088595041;0.11388429800000001;0.188760331;0.406446281;0.09173553699999999;0.083636364;0.097520661;0.42;0.20396694199999998;0.39785124;0.38380165299999996;0.38727272700000004;0.381322314;0.38214876;0.38826446299999995;0.38760330600000004;0.386115702;0.389421488;0.381652893;0.38446281;0.38429752100000003;0.384628099;0.38049586799999996;0.381322314;0.376033058;0.37371900799999996;0.370909091;0.367603306;0.36231405;0.359173554;0.35206611600000004;0.353553719;0.34925619799999996;0.350247934;0.34462809899999997;0.346446281;0.33933884299999995;0.339504132;0.329586777;0.325123967;0.322809917;0.31107438;0.303305785;0.300165289;0.298842975;0.29107438;0.285950413;0.284793388;0.276033058;0.272066116;0.257190083;0.252396694;0.24644628100000002;0.23768595;0.221818182;0.21834710699999998;0.20876033100000002;0.20132231399999997;0.193719008;0.185619835;0.183305785;0.164628099;0.158181818;0.144628099;0.125619835;0.105289256;0.04892562;0.041157025;0.049421488;0.068264463;0.052396694;0.052892562000000004;0.060826446;0.04892562;0.044628099000000004;0.049256198;0.045785124;0.047272727;0.050909091;0.029421488;0.032892562;0.034049587;0.033719007999999995;0.023636364;0.019338843;0.015206612;0.011900826000000002;0.006446281;0.0031404959999999996;0.001652893;0.0;0.0;0.0;0.0;0.0;0.0;0.0;0.0;0.0;0.0;0.0;0.0;0.0;0.0;0.0;0.0;0.0;0.0;0.0;0.0;0.0;0.0;0.0;0.0;0.0;0.0;0.0;0.0;0.0;0.0;0.0;0.0;0.0;0.0;0.0;0.0;0.0;0.0;0.0;0.0;0.0;0.0;0.0;0.0;0.0;0.0;0.0;0.0;0.0;0.0;0.0;0.0;0.0;0.0;0.0;0.0;0.0;0.0;0.0;0.0;0.0;0.0;0.0;0.0;0.0;0.0;0.0;0.0;0.0;0.0;0.0;0.0;0.0;0.0;0.0;0.0;0.0;0.0;0.0;0.0;0.0;0.0;0.0
0.27;0.0;0.0;0.0;0.0;0.0;0.0;0.0;0.0;0.0;0.0;0.0;0.0;0.0;0.0;0.0;0.0;0.0;0.0;0.0;0.0;0.0;0.0;0.0;0.0;0.0;0.0;0.0;0.0;0.0;0.0;0.0;0.0;0.0;0.0;0.0;0.0;0.0;0.0;0.0;0.0;0.0;0.0;0.0;0.0;0.0;0.0;0.0;0.0;0.006115702;0.006115702;0.011404959;0.012396694;0.011239668999999999;0.010743802;0.01107438;0.012561983;0.014710744;0.018016529;0.02231405;0.027933884;0.034214876;0.040826446;0.048264463;0.056033058;0.066942149;0.076033058;0.08446281;0.093057851;0.10380165300000001;0.11074380199999999;0.121157025;0.13768595;0.140495868;0.14677686;0.096528926;0.16446281;0.170413223;0.174545455;0.182479339;0.190082645;0.186280992;0.20462809899999998;0.212231405;0.229256198;0.224793388;0.23057851199999999;0.238347107;0.245785124;0.251900826;0.251735537;0.265950413;0.27123966899999996;0.279173554;0.283305785;0.289090909;0.29553719;0.297355372;0.298842975;0.312396694;0.325619835;0.338512397;0.35471074399999997;0.276198347;0.068099174;0.072231405;0.195041322;0.37719008299999995;0.168264463;0.349090909;0.310082645;0.17553719;0.423305785;0.405785124;0.41504132200000005;0.41206611600000004;0.425619835;0.40727272700000006;0.350909091;0.20132231399999997;0.248429752;0.236859504;0.183305785;0.19537190100000001;0.156694215;0.19851239699999998;0.456363636;0.253884298;0.32743801699999997;0.360495868;0.40066115700000005;0.261983471;0.287768595;0.338016529;0.402479339;0.37289256200000004;0.341818182;0.310082645;0.32710743800000003;0.37289256200000004;0.424132231;0.43239669399999997;0.39074380200000003;0.336033058;0.238347107;0.200991736;0.20132231399999997;0.22214876;0.19570247899999998;0.162809917;0.17966942100000002;0.224628099;0.29553719;0.251570248;0.276198347;0.19107438;0.249917355;0.18975206600000002;0.29570247899999996;0.273719008;0.149090909;0.11520661199999999;0.095041322;0.081652893;0.078842975;0.070247934;0.059173554;0.045123967;0.031570247999999995;0.020165289;0.015867769;0.012892562;0.010082645;0.007272727;0.006115702;0.00446281;0.0031404959999999996;0.00231405;0.004793388;0.014214876000000001;0.022809917000000002;0.03107438;0.02677686;0.019338843;0.011570248;0.029421488;0.023471073999999998;0.019008264;0.016363636;0.013719008000000001;0.009421488;0.007438017;0.006115702;0.0042975209999999995;0.002644628;0.001157025;0.0;0.0;0.0;0.0;0.0;0.0;0.0;0.0;0.0;0.0;0.0;0.0;0.0;0.0;0.0;0.0;0.0;0.0;0.0;0.0;0.0;0.0;0.0;0.0;0.0;0.0;0.0;0.0;0.0;0.0;0.0;0.0;0.0;0.0;0.0;0.0;0.0;0.0;0.0;0.0;0.0;0.0;0.0;0.0;0.0;0.0;0.0;0.0;0.0;0.0;0.0;0.0;0.0;0.0;0.0;0.0;0.0;0.0;0.0;0.0;0.0;0.0;0.0;0.0;0.0;0.0;0.0;0.0;0.0;0.0;0.0;0.0;0.0;0.0;0.0;0.0;0.0;0.0;0.0;0.0;0.0;0.0;0.0;0.0;0.0;0.0;0.0;0.0;0.0;0.0;0.0;0.0
0.28;0.0;0.0;0.0;0.0;0.0;0.0;0.0;0.0;0.0;0.0;0.0;0.0;0.0;0.0;0.0;0.0;0.0;0.0;0.0;0.0;0.0;0.0;0.0;0.0;0.0;0.0;0.0;0.0;0.0;0.0;0.0;0.0;0.0;0.0;0.0;0.0;0.0;0.0;0.0;0.0;0.0;0.0;0.0;0.0;0.0;0.0;0.0;0.0;0.009421488;0.009421488;0.01322314;0.016528926;0.018842975;0.019669421;0.023636364;0.02661157;0.029917355;0.033057851;0.035702479;0.040165289;0.043966942;0.04892562;0.057024793;0.065619835;0.070578512;0.07504132200000001;0.081983471;0.08611570199999999;0.096694215;0.10661157;0.111900826;0.123140496;0.131900826;0.140330579;0.14942148800000002;0.160495868;0.15867768599999998;0.15801652900000002;0.185289256;0.195206612;0.20975206600000001;0.21636363600000003;0.21619834699999999;0.232561983;0.229752066;0.230743802;0.241487603;0.243801653;0.242644628;0.23768595;0.26661157;0.240330579;0.159008264;0.141322314;0.20132231399999997;0.269752066;0.161818182;0.17206611600000002;0.145123967;0.21190082600000001;0.217520661;0.25553719;0.217190083;0.223305785;0.215371901;0.23057851199999999;0.218181818;0.244793388;0.22198347100000002;0.279338843;0.214876033;0.21636363600000003;0.19983471100000003;0.21685950399999998;0.27322314;0.27553719;0.327768595;0.344297521;0.23603305800000002;0.306280992;0.33735537200000004;0.300826446;0.335206612;0.32231405;0.312396694;0.298512397;0.28892562;0.28677686;0.230413223;0.17966942100000002;0.18347107399999998;0.236694215;0.196859504;0.25272727300000003;0.278842975;0.25752066100000004;0.17917355399999998;0.214876033;0.196033058;0.188760331;0.19752066100000001;0.18809917399999998;0.178512397;0.175041322;0.17322314;0.195867769;0.181983471;0.184628099;0.194545455;0.17768595;0.16677686;0.164793388;0.168595041;0.17123966899999998;0.218842975;0.153057851;0.14231405;0.130743802;0.154380165;0.123471074;0.119008264;0.124628099;0.12165289300000001;0.11338843;0.10363636400000001;0.093719008;0.080991736;0.06661157;0.056694215;0.052066115999999996;0.050247934;0.05652892599999999;0.057355372;0.058016529000000004;0.057190082999999996;0.058677686;0.060826446;0.062809917;0.069090909;0.066280992;0.062975207;0.056033058;0.054049587;0.050909091;0.045950412999999996;0.039834711;0.039008264;0.039504132000000004;0.038842975;0.035867769;0.03322314;0.032396694;0.029090908999999998;0.025123967;0.020826446000000002;0.016694215;0.012727273;0.00892562;0.00661157;0.0018181820000000002;0.001322314;0.000495868;0.0;0.0;0.0;0.0;0.0;0.0;0.0;0.0;0.0;0.0;0.0;0.0;0.0;0.0;0.0;0.0;0.0;0.0;0.0;0.0;0.0;0.0;0.0;0.0;0.0;0.0;0.0;0.0;0.0;0.0;0.0;0.0;0.0;0.0;0.0;0.0;0.0;0.0;0.0;0.0;0.0;0.0;0.0;0.0;0.0;0.0;0.0;0.0;0.0;0.0;0.0;0.0;0.0;0.0;0.0;0.0;0.0;0.0;0.0;0.0;0.0;0.0;0.0;0.0;0.0;0.0;0.0;0.0;0.0;0.0;0.0;0.0;0.0;0.0;0.0;0.0;0.0;0.0;0.0;0.0;0.0;0.0;0.0;0.0;0.0
