23:55;0;0;0;0;0;0;0;0;0;0;0;0;0;0;0;0;0;0;0;0;0;0;0;0;0;0;0;0;0
23:50;0;0;0;0;0;0;0;0;0;0;0;0;0;0;0;0;0;0;0;0;0;0;0;0;0;0;0;0;0
23:45;0;0;0;0;0;0;0;0;0;0;0;0;0;0;0;0;0;0;0;0;0;0;0;0;0;0;0;0;0
23:40;0;0;0;0;0;0;0;0;0;0;0;0;0;0;0;0;0;0;0;0;0;0;0;0;0;0;0;0;0
23:35;0;0;0;0;0;0;0;0;0;0;0;0;0;0;0;0;0;0;0;0;0;0;0;0;0;0;0;0;0
23:30;0;0;0;0;0;0;0;0;0;0;0;0;0;0;0;0;0;0;0;0;0;0;0;0;0;0;0;0;0
23:25;0;0;0;0;0;0;0;0;0;0;0;0;0;0;0;0;0;0;0;0;0;0;0;0;0;0;0;0;0
23:20;0;0;0;0;0;0;0;0;0;0;0;0;0;0;0;0;0;0;0;0;0;0;0;0;0;0;0;0;0
23:15;0;0;0;0;0;0;0;0;0;0;0;0;0;0;0;0;0;0;0;0;0;0;0;0;0;0;0;0;0
23:10;0;0;0;0;0;0;0;0;0;0;0;0;0;0;0;0;0;0;0;0;0;0;0;0;0;0;0;0;0
23:05;0;0;0;0;0;0;0;0;0;0;0;0;0;0;0;0;0;0;0;0;0;0;0;0;0;0;0;0;0
23:00;0;0;0;0;0;0;0;0;0;0;0;0;0;0;0;0;0;0;0;0;0;0;0;0;0;0;0;0;0
22:55;0;0;0;0;0;0;0;0;0;0;0;0;0;0;0;0;0;0;0;0;0;0;0;0;0;0;0;0;0
22:50;0;0;0;0;0;0;0;0;0;0;0;0;0;0;0;0;0;0;0;0;0;0;0;0;0;0;0;0;0
22:45;0;0;0;0;0;0;0;0;0;0;0;0;0;0;0;0;0;0;0;0;0;0;0;0;0;0;0;0;0
22:40;0;0;0;0;0;0;0;0;0;0;0;0;0;0;0;0;0;0;0;0;0;0;0;0;0;0;0;0;0
22:35;0;0;0;0;0;0;0;0;0;0;0;0;0;0;0;0;0;0;0;0;0;0;0;0;0;0;0;0;0
22:30;0;0;0;0;0;0;0;0;0;0;0;0;0;0;0;0;0;0;0;0;0;0;0;0;0;0;0;0;0
22:25;0;0;0;0;0;0;0;0;0;0;0;0;0;0;0;0;0;0;0;0;0;0;0;0;0;0;0;0;0
22:20;0;0;0;0;0;0;0;0;0;0;0;0;0;0;0;0;0;0;0;0;0;0;0;0;0;0;0;0;0
22:15;0;0;0;0;0;0;0;0;0;0;0;0;0;0;0;0;0;0;0;0;0;0;0;0;0;0;0;0;0
22:10;0;0;0;0;0;0;0;0;0;0;0;0;0;0;0;0;0;0;0;0;0;0;0;0;0;0;0;0;0
22:05;0;0;0;0;0;0;0;0;0;0;0;0;0;0;0;0;0;0;0;0;0;0;0;0;0;0;0;0;0
22:00;0;0;0;0;0;0;0;0;0;0;0;0;0;0;0;0;0;0;0;0;0;0;0;0;0;0;0;0;0
21:55;0;0;0;0;0;0;0;0;0;0;0;0;0;0;0;0;0;0;0;0;0;0;0;0;0;0;0;0;0
21:50;0;0;0;0;0;0;0;0;0;0;0;0;0;0;0;0;0;0;0;0;0;0;0;0;0;0;0;0;0
21:45;0;0;0;0;0;0;0;0;0;0;0;0;0;0;0;0;0;0;0;0;0;0;0;0;0;0;0;0;0
21:40;0;0;0;0;0;0;0;0;0;0;0;0;0;0;0;0;0;0;0;0;0;0;0;0;0;0;0;0;0
21:35;0;0;0;0;0;0;0;0;0;0;0;0;0;0;0;0;0;0;0;0;0;0;0;0;0;0;0;0;0
21:30;0;0;0;0;0;0;0;0;0;0;0;0;0;0;0;0;0;0;0;0;0;0;0;0;0;0;0;0;0
21:25;0;0;0;0;0;0;0;0;0;0;0;0;0;0;0;0;0;0;0;0;0;0;0;0;0;0;0;0;0
21:20;0;0;0;0;0;0;0;0;0;0;0;0;0;0;0;0;0;0;0;0;0;0;0;0;0;0;0;0;0
21:15;0;0;0;0;0;0;0;0;0;0;0;0;0;0;0;0;0;0;0;0;0;0;0;0;0;0;0;0;0
21:10;0;0;0;0;0;0;0;0;0;0;0;0;0;0;0;0;0;0;0;0;0;0;0;0;0;0;0;0;0
21:05;0;0;0;0;0;0;0;0;0;0;0;0;0;0;0;0;0;0;0;0;0;0;0;0;0;0;0;0;0
21:00;0;0;0;0;0;0;0;0;0;0;0;0;0;0;0;0;0;0;0;0;0;0;0;0;0;0;0;0;0
20:55;0;0;0;0;0;0;0;0;0;0;0;0;0;0;0;0;0;0;0;0;0;0;0;0;0;0;0;0;0
20:50;0;0;0;0;0;0;0;0;0;0;0;0;0;0;0;0;0;0;0;0;0;0;0;0;0;0;0;0;0
20:45;0;0;0;0;0;0;0;0;0;0;0;0;0;0;0;0;0;0;0;0;0;0;0;0;0;0;0;0;0
20:40;0;0;0;0;0;0;0;0;0;0;0;0;0;0;0;0;0;0;0;0;0;0;0;0;0;0;0;0;0
20:35;0;0;0;0;0;0;0;0;0;0;0;0;0;0;0;0;0;0;0;0;0;0;0;0;0;0;0;0;0
20:30;0;0;0;0;0;0;0;0;0;0;0;0;0;0;0;0;0;0;0;0;0;0;0;0;0;0;0;0;0
20:25;0;0;0;0;0;0;0;0;0;0;0;0;0;0;0;0;0;0;0;0;0;0;0;0;0;0;0;0;0
20:20;0;0;0;0;0;0;0;0;0;0;0;0;0;0;0;0;0;0;0;0;0;0;0;0;0;0;0;0;0
20:15;0;0;0;0;0;0;0;0;0;0;0;0;0;0;0;0;0;0;0;0;0;0;0;0;0;0;0;0;0
20:10;0;0;0;0;0;0;0;0;0;0;0;0;0;0;0;0;0;0;0;0;0;0;0;0;0;0;0;0;0
20:05;0;0;0;0;0;0;0;0;0;0;0;0;0;0;0;0;0;0;0;0;0;0;0;0;0;0;0;0;0
20:00;0;0;0;0;0;0;0;0;0;0;0;0;0;0;0;0;0;0;0;0;0;0;0;0;0;0;0;0;0
19:55;0;0;0;0;0;0;0;0;0;0;0;0;0;0;0;0;0;0;0;0;0;0;0;0;0;0;0;0;0
19:50;0,0003305785;0;0;0;0;0,0016528926;0,0019834711;0;0;0;0;0;0,0019834711;0,000661157;0,0014876033;0,0019834711;0;0,0033057851;0,0026446281;0,007768595;0;0,0039669421;0,0036363636;0,0031404959;0,0079338843;0,0004958678;0,0042975207;0,0061157025;0,0094214876
19:45;0,0003305785;0;0;0;0;0,0016528926;0,0019834711;0;0;0;0;0;0,0080991736;0,0034710744;0,0028099174;0,0034710744;0;0,0033057851;0,0038016529;0,007768595;0;0,0054545455;0,0036363636;0,0031404959;0,0079338843;0;0,0042975207;0,0061157025;0,0094214876
19:40;0,0021487603;0,000661157;0;0;0;0,0031404959;0,0041322314;0;0;0;0;0;0,0251239669;0,0041322314;0,0033057851;0,0046280992;0;0;0,0052892562;0,0100826446;0,0016528926;0,007107438;0,0066115702;0,0044628099;0,0094214876;0;0,0052892562;0,0114049587;0,0132231405
19:35;0,0026446281;0,0001652893;0,0019834711;0;0;0,0074380165;0,0084297521;0,000661157;0;0;0,0018181818;0;0,0261157025;0,0080991736;0,0052892562;0,005785124;0;0;0,005785124;0,0114049587;0,0011570248;0,0114049587;0,0080991736;0,0052892562;0,0102479339;0;0,0067768595;0,0123966942;0,0165289256
19:30;0,000661157;0,0008264463;0,0099173554;0;0;0,0109090909;0,0140495868;0,0011570248;0;0;0,0074380165;0;0,0223140496;0,012892562;0,0062809917;0,0069421488;0,000661157;0,0008264463;0,0074380165;0,013553719;0,001322314;0,0132231405;0,0107438017;0,0059504132;0,0115702479;0,0003305785;0,0062809917;0,0112396694;0,0188429752
19:25;0;0,000661157;0,0023140496;0;0;0,0062809917;0,0196694215;0,0031404959;0;0;0,0133884298;0;0,0239669421;0,0097520661;0,007107438;0,0080991736;0,0031404959;0;0;0,0158677686;0,007768595;0,0231404959;0,0175206612;0,0067768595;0,013553719;0,0042975207;0,007768595;0,0107438017;0,0196694215
19:20;0,0026446281;0,0016528926;0,0033057851;0;0;0,0019834711;0,0254545455;0,0034710744;0,0019834711;0,0033057851;0,0300826446;0,0019834711;0,026446281;0,0079338843;0,0080991736;0,0080991736;0,0014876033;0,0008264463;0,0089256198;0,0107438017;0,0132231405;0,0247933884;0,018677686;0,0076033058;0,0165289256;0,0046280992;0,0107438017;0,0110743802;0,0236363636
19:15;0,005785124;0,0016528926;0,0080991736;0;0;0,0016528926;0,0300826446;0,0047933884;0,0039669421;0,0004958678;0,0244628099;0;0,0185123967;0,0097520661;0,0090909091;0,0100826446;0,0029752066;0;0,0120661157;0,0180165289;0,0190082645;0,0314049587;0,0252892562;0,007768595;0,0201652893;0,007768595;0,0143801653;0,0125619835;0,0266115702
19:10;0,0041322314;0,0024793388;0,0190082645;0,0019834711;0;0,0051239669;0,0366942149;0,0069421488;0,0046280992;0,0029752066;0,0254545455;0,0019834711;0,052231405;0,0089256198;0,0120661157;0,0132231405;0,0039669421;0;0,0191735537;0,0196694215;0,021322314;0,0307438017;0,026446281;0,0085950413;0,0242975207;0,0085950413;0,0176859504;0,0147107438;0,0299173554
19:05;0,007768595;0,0034710744;0,0280991736;0,0054545455;0;0,0067768595;0,0494214876;0,0084297521;0,014214876;0,0046280992;0,0474380165;0,0047933884;0,0292561983;0,025785124;0,0160330579;0,0166942149;0,0074380165;0,000661157;0,019338843;0,0290909091;0,0219834711;0,0368595041;0,0204958678;0,012231405;0,0272727273;0,0102479339;0,0201652893;0,0180165289;0,0330578512
19:00;0,0074380165;0,006446281;0,0305785124;0,0095867769;0,0019834711;0,0117355372;0,061322314;0,0109090909;0,0084297521;0,0052892562;0,0500826446;0,0309090909;0,0244628099;0,0160330579;0,0219834711;0,0209917355;0,0080991736;0,0371900826;0,0239669421;0,0340495868;0,020661157;0,0442975207;0,0204958678;0,0223140496;0,0304132231;0,013553719;0,0236363636;0,0223140496;0,0357024793
18:55;0,0061157025;0,0110743802;0,0340495868;0,0180165289;0,0021487603;0,0269421488;0,0676033058;0,0099173554;0,0092561983;0,0102479339;0,0320661157;0,0601652893;0,012892562;0,032892562;0,025785124;0,026446281;0,0107438017;0,0229752066;0,0294214876;0,0266115702;0,0170247934;0,0396694215;0,020661157;0,0266115702;0,0309090909;0,018677686;0,0223140496;0,0279338843;0,0401652893
18:50;0,0062809917;0,0107438017;0,0287603306;0,0155371901;0,0047933884;0,0274380165;0,0763636364;0,0201652893;0,0201652893;0,0284297521;0,0723966942;0,0672727273;0,0042975207;0,0416528926;0,0314049587;0,0320661157;0,0089256198;0,0208264463;0,0358677686;0,0279338843;0,0195041322;0,0419834711;0,0231404959;0,0338842975;0,0325619835;0,0229752066;0,0272727273;0,034214876;0,0439669421
18:45;0,005785124;0,0090909091;0,0262809917;0,0080991736;0,0074380165;0,0510743802;0,0899173554;0,0251239669;0,0261157025;0,0300826446;0,0495867769;0,040661157;0,0274380165;0,0474380165;0,0380165289;0,0110743802;0,0074380165;0,0368595041;0,0428099174;0,0274380165;0,0223140496;0,0320661157;0,0330578512;0,0383471074;0,0337190083;0,0266115702;0,0170247934;0,0408264463;0,0489256198
18:40;0,0080991736;0,0082644628;0,0178512397;0,0054545455;0,0085950413;0,0401652893;0,107107438;0,0383471074;0,0171900826;0,0352066116;0,0272727273;0,052231405;0,0912396694;0,072892562;0,0469421488;0,0444628099;0,0062809917;0,0218181818;0,0514049587;0,0314049587;0,0323966942;0,0416528926;0,0373553719;0,0441322314;0,0343801653;0,0310743802;0,0201652893;0,0482644628;0,0570247934
18:35;0,0074380165;0,0120661157;0,0085950413;0,0004958678;0,0138842975;0,0652892562;0,1166942149;0,0323966942;0,0137190083;0,0449586777;0,025785124;0,1056198347;0,1016528926;0,0783471074;0,0545454545;0,0538842975;0,0079338843;0,032231405;0,0590082645;0,0608264463;0,0444628099;0,0646280992;0,045785124;0,0530578512;0,0343801653;0,0373553719;0,0454545455;0,0560330579;0,0656198347
18:30;0,0087603306;0,012231405;0,0112396694;0;0,0201652893;0,0438016529;0,1218181818;0,0285950413;0,018677686;0,058677686;0,0244628099;0,1140495868;0,0945454545;0,0452892562;0,0666115702;0,0629752066;0,0100826446;0,052231405;0,0680991736;0,0766942149;0,0418181818;0,0494214876;0,0509090909;0,0624793388;0,032892562;0,0358677686;0,0548760331;0,0669421488;0,0705785124
18:25;0,0080991736;0,0153719008;0,0790082645;0,0026446281;0,0246280992;0,0224793388;0,1216528926;0,0327272727;0,018677686;0,0748760331;0,0284297521;0,1330578512;0,0651239669;0,0780165289;0,074214876;0,0707438017;0,0120661157;0,0649586777;0,0758677686;0,0952066116;0,0514049587;0,087107438;0,0538842975;0,0738842975;0,0307438017;0,0368595041;0,0634710744;0,0760330579;0,0750413223
18:20;0,0094214876;0,019338843;0,1487603306;0,0474380165;0,0183471074;0,0155371901;0,1378512397;0,0631404959;0,0315702479;0,0766942149;0,0317355372;0,1188429752;0,0466115702;0,0763636364;0,0198347107;0,0831404959;0,0138842975;0,0494214876;0,0851239669;0,1138842975;0,0547107438;0,0373553719;0,0558677686;0,0808264463;0,0287603306;0,0361983471;0,0803305785;0,0844628099;0,0819834711
18:15;0,0158677686;0,0150413223;0,1624793388;0,087768595;0,0294214876;0,0148760331;0,1548760331;0,106446281;0,0340495868;0,0604958678;0,007107438;0,0861157025;0,0285950413;0,0667768595;0,0966942149;0,0909090909;0,0165289256;0,0715702479;0,0952066116;0,1183471074;0,1095867769;0,0963636364;0,053553719;0,0828099174;0,0266115702;0,0325619835;0,052892562;0,0930578512;0,0861157025
18:10;0,0147107438;0,02;0,0828099174;0,0892561983;0,0439669421;0,0140495868;0,1685950413;0,0909090909;0,0517355372;0,0428099174;0,0305785124;0,1009917355;0,0251239669;0,0583471074;0,0945454545;0,021322314;0,0180165289;0,0679338843;0,1046280992;0,1289256198;0,0715702479;0,1080991736;0,0552066116;0,0694214876;0,025785124;0,0244628099;0,1408264463;0,1038016529;0,0966942149
18:05;0,019338843;0,0236363636;0,052892562;0,0890909091;0,0601652893;0,020661157;0,1791735537;0,058677686;0,0748760331;0,0259504132;0,0623140496;0,098677686;0,020661157;0,0642975207;0,0312396694;0,018677686;0,0143801653;0,0527272727;0,1138842975;0,1431404959;0,0795041322;0,1157024793;0,0745454545;0,1003305785;0,0252892562;0,02;0,1438016529;0,1107438017;0,1066115702
18:00;0,0188429752;0,0348760331;0,0383471074;0,0960330579;0,059338843;0,0520661157;0,1816528926;0,1312396694;0,0937190083;0,0137190083;0,0320661157;0,0532231405;0,0062809917;0,1254545455;0,1262809917;0,1173553719;0,02;0,04;0,1219834711;0,1489256198;0,1309090909;0,1188429752;0,0695867769;0,1100826446;0,025785124;0,0209917355;0,1310743802;0,1211570248;0,1119008264
17:55;0,0165289256;0,0312396694;0,0323966942;0,1054545455;0,0760330579;0,0421487603;0,1753719008;0,1761983471;0,0952066116;0,0100826446;0,1099173554;0,1550413223;0,0358677686;0,1001652893;0,1069421488;0,1434710744;0,0299173554;0,0454545455;0,1317355372;0,1570247934;0,0692561983;0,1375206612;0,0619834711;0,1132231405;0,0269421488;0,0185123967;0,1590082645;0,1376859504;0,1231404959
17:50;0,0221487603;0,0347107438;0,0439669421;0,1125619835;0,0699173554;0,0638016529;0,1861157025;0,2097520661;0,0704132231;0,013553719;0,0568595041;0,1980165289;0,0642975207;0,0730578512;0,1512396694;0,0190082645;0,0226446281;0,0550413223;0,1391735537;0,1509090909;0,1608264463;0,1441322314;0,0482644628;0,1249586777;0,027768595;0,0226446281;0,1662809917;0,1404958678;0,1319008264
17:45;0,0183471074;0,0352066116;0,0552066116;0,1165289256;0,0811570248;0,0487603306;0,1828099174;0,2056198347;0,1160330579;0,0284297521;0,0897520661;0,2104132231;0,0365289256;0,1920661157;0,0358677686;0,1519008264;0,0307438017;0,0704132231;0,1495867769;0,1533884298;0,0940495868;0,1396694215;0,0348760331;0,1370247934;0,0279338843;0,0219834711;0,18;0,1467768595;0,1403305785
17:40;0,032892562;0,0300826446;0,0512396694;0,1080991736;0,0717355372;0,040661157;0,1332231405;0,1578512397;0,1588429752;0,0431404959;0,1160330579;0,1454545455;0,1069421488;0,1276033058;0,1656198347;0,1727272727;0,0300826446;0,0790082645;0,158677686;0,1629752066;0,1932231405;0,1676033058;0,0284297521;0,1416528926;0,027768595;0,0247933884;0,1816528926;0,0965289256;0,1494214876
17:35;0,032892562;0,0350413223;0,0514049587;0,1016528926;0,0629752066;0,0439669421;0,2196694215;0,2224793388;0,1859504132;0,0404958678;0,1730578512;0,1874380165;0,0568595041;0,1376859504;0,1087603306;0,0307438017;0,0429752066;0,0844628099;0,1690909091;0,1710743802;0,193553719;0,1690909091;0,0251239669;0,1469421488;0,0284297521;0,0221487603;0,1775206612;0,1644628099;0,1604958678
17:30;0,0659504132;0,0423140496;0,0452892562;0,0866115702;0,0692561983;0,0654545455;0,2226446281;0,2299173554;0,1566942149;0,0229752066;0,1097520661;0,2130578512;0,085785124;0,2195041322;0,1904132231;0,0171900826;0,0434710744;0,2500826446;0,1761983471;0,1761983471;0,1861157025;0,1771900826;0,0234710744;0,1603305785;0,0312396694;0,0168595041;0,186446281;0,1704132231;0,158677686
17:25;0,0391735537;0,0274380165;0,0515702479;0,0844628099;0,0791735537;0,0494214876;0,212231405;0,2089256198;0,1730578512;0,0788429752;0,1100826446;0,127107438;0,1051239669;0,2355371901;0,0449586777;0,0211570248;0,0502479339;0,179338843;0,1841322314;0,1849586777;0,1831404959;0,186446281;0,0208264463;0,021322314;0,0353719008;0,0236363636;0,1885950413;0,1745454545;0,1580165289
17:20;0,033553719;0,0310743802;0,0695867769;0,0841322314;0,073553719;0,0649586777;0,2236363636;0,1629752066;0,1851239669;0,1950413223;0,0796694215;0,1409917355;0,0616528926;0,1978512397;0,038677686;0,1932231405;0,0684297521;0,1998347107;0,1932231405;0,0847933884;0,1915702479;0,2061157025;0,019338843;0,179338843;0,040661157;0,0242975207;0,198677686;0,1824793388;0,1852892562
17:15;0,039338843;0,0327272727;0,1120661157;0,0851239669;0,0633057851;0,1299173554;0,2241322314;0,2327272727;0,2024793388;0,0573553719;0,0804958678;0,1161983471;0,1345454545;0,0624793388;0,2361983471;0,2282644628;0,0909090909;0,1327272727;0,1996694215;0,2138842975;0,1971900826;0,2109090909;0,0183471074;0,0233057851;0,0462809917;0,0246280992;0,2054545455;0,1900826446;0,1952066116
17:10;0,0371900826;0,0396694215;0,0824793388;0,0895867769;0,0925619835;0,0869421488;0,2171900826;0,2441322314;0,1975206612;0,0423140496;0,0727272727;0,1137190083;0,1350413223;0,1327272727;0,0833057851;0,1998347107;0,0885950413;0,2791735537;0,2076033058;0,0758677686;0,2097520661;0,2104132231;0,0147107438;0,1889256198;0,0530578512;0,0279338843;0,2171900826;0,1862809917;0,2097520661
17:05;0,0320661157;0,0302479339;0,0773553719;0,1074380165;0,1282644628;0,0444628099;0,2204958678;0,2492561983;0,1998347107;0,032231405;0,0719008264;0,1305785124;0,041322314;0,3150413223;0,2290909091;0,2685950413;0,0985123967;0,2654545455;0,2163636364;0,061322314;0,2110743802;0,2348760331;0,0110743802;0,1975206612;0,0588429752;0,0315702479;0,2181818182;0,2046280992;0,2163636364
17:00;0,0327272727;0,0388429752;0,0874380165;0,2018181818;0,1581818182;0,0419834711;0,2262809917;0,2530578512;0,1975206612;0,0251239669;0,0679338843;0,0937190083;0,0429752066;0,2914049587;0,2499173554;0,0656198347;0,1196694215;0,2876033058;0,2352066116;0,061322314;0,2307438017;0,0560330579;0,0085950413;0,2109090909;0,0649586777;0,0452892562;0,1267768595;0,212231405;0,2161983471
16:55;0,0284297521;0,0419834711;0,119338843;0,1276033058;0,2765289256;0,0766942149;0,2327272727;0,2411570248;0,1963636364;0,0537190083;0,0395041322;0,1578512397;0,047107438;0,1119008264;0,2659504132;0,046446281;0,2965289256;0,3249586777;0,2355371901;0,0639669421;0,0745454545;0,2452892562;0,0069421488;0,2218181818;0,0757024793;0,0543801653;0,2261157025;0,2292561983;0,2325619835
16:50;0,0409917355;0,0383471074;0,085785124;0,1123966942;0,1261157025;0,1109090909;0,2411570248;0,2548760331;0,2431404959;0,0738842975;0,025785124;0,3084297521;0,1185123967;0,0874380165;0,0603305785;0,0892561983;0,1667768595;0,2836363636;0,2418181818;0,0699173554;0,0780165289;0,0538842975;0,0067768595;0,2314049587;0,0866115702;0,0566942149;0,2226446281;0,2247933884;0,2297520661
16:45;0,0644628099;0,0337190083;0,0844628099;0,1416528926;0,0533884298;0,1360330579;0,2474380165;0,2771900826;0,2533884298;0,2340495868;0,0234710744;0,1383471074;0,1467768595;0,1423140496;0,0776859504;0,0588429752;0,1094214876;0,1727272727;0,2472727273;0,0580165289;0,1732231405;0,1366942149;0,0062809917;0,2376859504;0,1375206612;0,0540495868;0,2355371901;0,2305785124;0,2307438017
16:40;0,1117355372;0,0309090909;0,3031404959;0,1890909091;0,1024793388;0,1209917355;0,2548760331;0,2651239669;0,2490909091;0,360661157;0,0266115702;0,0910743802;0,1348760331;0,3330578512;0,0530578512;0,0563636364;0,1234710744;0,158677686;0,2550413223;0,0727272727;0,0847933884;0,259338843;0,0061157025;0,2297520661;0,2611570248;0,0512396694;0,2497520661;0,2383471074;0,2414876033
16:35;0,0920661157;0,0366942149;0,0965289256;0,1968595041;0,1294214876;0;0,2626446281;0,2790082645;0,2456198347;0,1861157025;0,034214876;0,1049586777;0,1358677686;0,2052892562;0,0494214876;0,0689256198;0,2821487603;0,1076033058;0,2621487603;0,0690909091;0,1809917355;0,259338843;0,0061157025;0,2489256198;0,2776859504;0,0505785124;0,2669421488;0,245785124;0,2438016529
16:30;0,0861157025;0,0456198347;0,094214876;0,2254545455;0,0966942149;0;0,2676033058;0,2750413223;0,2571900826;0,173553719;0,0357024793;0,1750413223;0,2775206612;0,1247933884;0,072231405;0,1059504132;0,187768595;0,0917355372;0,2700826446;0,072892562;0,28;0,2603305785;0,0067768595;0,2573553719;0,2568595041;0,0276033058;0,2770247934;0,2519008264;0,2426446281
16:25;0,0451239669;0,0495867769;0,3778512397;0,2512396694;0,0770247934;0,1487603306;0,2758677686;0,1618181818;0,2490909091;0,227107438;0,033553719;0,2056198347;0,212231405;0,3299173554;0,2866115702;0,1092561983;0,0925619835;0,1046280992;0,2790082645;0,3014876033;0,2909090909;0,2778512397;0,0072727273;0,2697520661;0,2433057851;0,0323966942;0,2826446281;0,2517355372;0,2376859504
16:20;0,1104132231;0,0595041322;0,0976859504;0,232231405;0,100661157;0,1540495868;0,2824793388;0,3148760331;0,2231404959;0,1428099174;0,0441322314;0,1775206612;0,2238016529;0,1099173554;0,0785123967;0,0715702479;0,2801652893;0,0859504132;0,2833057851;0,293553719;0,3066115702;0,2983471074;0,0079338843;0,2766942149;0,2927272727;0,0401652893;0,2971900826;0,2659504132;0,2666115702
16:15;0,0679338843;0,0487603306;0,0785123967;0,2576859504;0,0961983471;0,1371900826;0,2930578512;0,2489256198;0,2274380165;0,1447933884;0,0480991736;0,2011570248;0,214214876;0,181322314;0,2900826446;0,1166942149;0,2821487603;0,0748760331;0,2950413223;0,3284297521;0,1069421488;0,3054545455;0,0107438017;0,2905785124;0,2674380165;0,0476033058;0,3092561983;0,2712396694;0,2403305785
16:10;0,0507438017;0,0561983471;0,0608264463;0,0902479339;0,0376859504;0,1023140496;0,3234710744;0,327107438;0,2031404959;0,3319008264;0,0651239669;0,2705785124;0,1568595041;0,372892562;0,3021487603;0,118677686;0,2834710744;0,0940495868;0,3036363636;0,1251239669;0,2933884298;0,0487603306;0,012892562;0,1231404959;0,2590082645;0,0497520661;0,0702479339;0,2791735537;0,1590082645
16:05;0,0776859504;0,0424793388;0,0687603306;0,0876033058;0,081322314;0,1332231405;0,3084297521;0,3738842975;0,2403305785;0,340661157;0,0904132231;0,2085950413;0,2046280992;0,4062809917;0,321322314;0,1109090909;0;0,1915702479;0,3112396694;0,0824793388;0,2940495868;0,039338843;0,0137190083;0,0576859504;0,1317355372;0,0419834711;0,32;0,2833057851;0,141322314
16:00;0,0752066116;0,0621487603;0,3748760331;0,3284297521;0,0861157025;0,1975206612;0,3228099174;0,3595041322;0,246446281;0,1530578512;0,1294214876;0,1710743802;0,2576859504;0,1414876033;0,36;0,1312396694;0,3208264463;0,1709090909;0,3272727273;0,0828099174;0,3348760331;0,0472727273;0,0123966942;0,3231404959;0,3553719008;0,0363636364;0,0897520661;0,2890909091;0,201322314
15:55;0,079338843;0,0745454545;0,0899173554;0,3449586777;0,04;0,1548760331;0,3446280992;0,1236363636;0,2570247934;0,1733884298;0,1358677686;0,2132231405;0,2325619835;0,1109090909;0,0732231405;0,1115702479;0,3047933884;0,1912396694;0,318677686;0,0872727273;0,1269421488;0,3046280992;0,0094214876;0,0838016529;0,3242975207;0,0433057851;0,132892562;0,2955371901;0,2697520661
15:50;0,0760330579;0,0573553719;0,367768595;0,3242975207;0,0629752066;0,1391735537;0,2152066116;0,3823140496;0,2798347107;0,1152066116;0,1061157025;0,1639669421;0,2697520661;0,1267768595;0,0945454545;0,0880991736;0,1038016529;0,4114049587;0,3314049587;0,0927272727;0,1366942149;0,3327272727;0,0173553719;0,0629752066;0,3090909091;0,0621487603;0,0780165289;0,2973553719;0,1618181818
15:45;0,0952066116;0,0500826446;0,2505785124;0,3155371901;0,0234710744;0,3651239669;0,2254545455;0,1;0,2811570248;0,3970247934;0,1138842975;0,2247933884;0,266446281;0,4401652893;0,0565289256;0,1338842975;0,3155371901;0,3798347107;0,3368595041;0,072892562;0,0914049587;0,3305785124;0,026446281;0,0715702479;0,1310743802;0,0684297521;0,3231404959;0,2988429752;0,1720661157
15:40;0,1282644628;0,0717355372;0,1011570248;0,3256198347;0,053553719;0,4667768595;0,2527272727;0,3676033058;0,2624793388;0,3976859504;0,1153719008;0,2312396694;0,1680991736;0,4280991736;0,3497520661;0,0869421488;0,0943801653;0,1208264463;0,2140495868;0,0707438017;0,3198347107;0,1095867769;0,0565289256;0,0892561983;0,1360330579;0,085785124;0,3492561983;0,3123966942;0,1451239669
15:35;0,0725619835;0,0679338843;0,1216528926;0,301322314;0,0887603306;0,4885950413;0,3743801653;0,3492561983;0,2527272727;0,3823140496;0,1123966942;0,1824793388;0,1975206612;0,1844628099;0,3538842975;0,1223140496;0,0760330579;0,4831404959;0,145785124;0,0616528926;0,0904132231;0,3360330579;0,0899173554;0,0958677686;0,1315702479;0,1095867769;0,1056198347;0,3256198347;0,2119008264
15:30;0,092892562;0,0714049587;0,4079338843;0,1390082645;0,1338842975;0,1808264463;0,3692561983;0,3553719008;0,2692561983;0,0889256198;0,1590082645;0,1097520661;0,1839669421;0,2274380165;0,3654545455;0,0981818182;0,312892562;0,4023140496;0,2808264463;0,0558677686;0,0981818182;0,346446281;0,2046280992;0,353553719;0,1338842975;0,0947107438;0,3826446281;0,3385123967;0,2175206612
15:25;0,1198347107;0,0816528926;0,1538842975;0,3373553719;0,1188429752;0,1280991736;0,2781818182;0,3525619835;0,2920661157;0,0882644628;0,1323966942;0,0773553719;0,3454545455;0,4952066116;0,3750413223;0,0988429752;0,3292561983;0,4001652893;0,3720661157;0,3418181818;0,3482644628;0,0585123967;0,1317355372;0,3723966942;0,1261157025;0,0988429752;0,0733884298;0,3547107438;0,2555371901
15:20;0,094214876;0,0642975207;0,4373553719;0,1310743802;0,1495867769;0,1442975207;0,4466115702;0,3821487603;0,3110743802;0,1226446281;0,1120661157;0,1628099174;0,2798347107;0,1246280992;0,052231405;0,0968595041;0,3299173554;0,4132231405;0,3545454545;0,3570247934;0,3492561983;0,3333884298;0,2332231405;0,0983471074;0,1003305785;0,1044628099;0,0914049587;0,2761983471;0,2171900826
15:15;0,0634710744;0,0644628099;0,0771900826;0,3148760331;0,1771900826;0,1343801653;0,2581818182;0,3595041322;0,3325619835;0,3933884298;0,1861157025;0,1581818182;0,1357024793;0,1575206612;0,358677686;0,0966942149;0,3246280992;0,1988429752;0,3510743802;0,3661157025;0,347768595;0,34;0,152892562;0,1968595041;0,3851239669;0,0887603306;0,2699173554;0,0680991736;0,2233057851
15:10;0,0720661157;0,0654545455;0,0776859504;0,3378512397;0,174214876;0,1190082645;0,3682644628;0,3828099174;0,3391735537;0,3527272727;0,1651239669;0,1176859504;0,2818181818;0,1909090909;0,3563636364;0,1403305785;0,3375206612;0,1961983471;0,3507438017;0,3685950413;0,347768595;0,3563636364;0,1211570248;0,0646280992;0,2519008264;0,3590082645;0,1238016529;0,072231405;0,2153719008
15:05;0,066446281;0,0638016529;0,4104132231;0,1195041322;0,1532231405;0,0666115702;0,3682644628;0,2018181818;0,341322314;0,36;0,2509090909;0,1818181818;0,4272727273;0,1414876033;0,3890909091;0,4300826446;0,3363636364;0,1198347107;0,360661157;0,3727272727;0,3661157025;0,3778512397;0,0900826446;0,0755371901;0,3821487603;0,3649586777;0,099338843;0,1950413223;0,2305785124
15:00;0,1520661157;0,0752066116;0,1080991736;0,1510743802;0,2469421488;0,0479338843;0,347768595;0,3783471074;0,354214876;0,412231405;0,3492561983;0,1738842975;0,3456198347;0,139338843;0,4;0,1170247934;0,3537190083;0,180661157;0,3757024793;0,1173553719;0,3738842975;0,1284297521;0,0915702479;0,3950413223;0,1333884298;0,3667768595;0,3952066116;0,3771900826;0,2181818182
14:55;0,1771900826;0,0745454545;0,1299173554;0,3642975207;0,141322314;0,0844628099;0,378677686;0,4009917355;0,3604958678;0,1375206612;0,3932231405;0,2018181818;0,406446281;0,5029752066;0,1219834711;0,1132231405;0,3545454545;0,2398347107;0,3715702479;0,3894214876;0,399338843;0,2269421488;0,1360330579;0,4097520661;0,1361983471;0,2276033058;0,0998347107;0,1682644628;0,2447933884
14:50;0,1492561983;0,0834710744;0,1110743802;0,3634710744;0,0958677686;0,0798347107;0,3831404959;0,3836363636;0,3856198347;0,4038016529;0,2444628099;0,1480991736;0,1760330579;0,4763636364;0,0669421488;0,4229752066;0,3629752066;0,1238016529;0,3776859504;0,3831404959;0,4019834711;0,3885950413;0,0796694215;0,1059504132;0,1565289256;0,3442975207;0,0866115702;0,3490909091;0,2219834711
14:45;0,0768595041;0,1226446281;0,4107438017;0,4170247934;0,1899173554;0,0766942149;0,3363636364;0,3842975207;0,3859504132;0,4019834711;0,4614876033;0,1679338843;0,1899173554;0,2233057851;0,4157024793;0,2839669421;0,360661157;0,1852892562;0,4021487603;0,3869421488;0,3009917355;0,3988429752;0,0720661157;0,0854545455;0,1360330579;0,3505785124;0,1419834711;0,3100826446;0,279338843
14:40;0,1214876033;0,0899173554;0,3821487603;0,4125619835;0,1704132231;0,1444628099;0,3778512397;0,3923966942;0,1332231405;0,3828099174;0,1654545455;0,2705785124;0,0980165289;0,2190082645;0,4163636364;0,1811570248;0,3571900826;0,5489256198;0,3892561983;0,3971900826;0,4325619835;0,2566942149;0,0651239669;0,0880991736;0,4319008264;0,3714049587;0,1004958678;0,1755371901;0,2148760331
14:35;0,0421487603;0,1029752066;0,4644628099;0,4239669421;0,179338843;0,1252892562;0,4894214876;0,4018181818;0,3890909091;0,399338843;0,0771900826;0,1781818182;0,0523966942;0,2148760331;0,426446281;0,1790082645;0,367107438;0,1576859504;0,0846280992;0,3988429752;0,1252892562;0,4029752066;0,0747107438;0,0968595041;0,1216528926;0,2976859504;0,0804958678;0,4233057851;0,2163636364
14:30;0,0780165289;0,1102479339;0,2761983471;0,4019834711;0,1299173554;0,1074380165;0,3256198347;0,4280991736;0,3809917355;0,1732231405;0,0568595041;0,0844628099;0,0307438017;0,2003305785;0,1740495868;0,3892561983;0,361322314;0,3952066116;0,0816528926;0,3976859504;0,1059504132;0,3854545455;0,0933884298;0,0854545455;0,4011570248;0;0,0709090909;0,405785124;0,1998347107
14:25;0,0745454545;0,14;0,1280991736;0,3953719008;0,1980165289;0,1919008264;0,3502479339;0,3241322314;0,4107438017;0,1185123967;0,4272727273;0,1201652893;0,0659504132;0,1803305785;0,4557024793;0,1489256198;0,3565289256;0,4844628099;0,3826446281;0,4147107438;0,0961983471;0,394214876;0,0923966942;0,3899173554;0,4295867769;0;0,0780165289;0,4150413223;0,2168595041
14:20;0,0543801653;0,0826446281;0,1996694215;0,3975206612;0,1674380165;0,2694214876;0,3548760331;0;0,1581818182;0,2180165289;0,4611570248;0,1482644628;0,2459504132;0,1704132231;0,2216528926;0,1310743802;0,1639669421;0,1838016529;0,3804958678;0,4082644628;0,0945454545;0,3940495868;0,0847933884;0,3978512397;0,1084297521;0;0,0885950413;0,4120661157;0,2732231405
14:15;0,1039669421;0,125785124;0,4644628099;0,3872727273;0,0500826446;0,6211570248;0,4347107438;0;0,1241322314;0,4505785124;0,1024793388;0,1791735537;0,5004958678;0,1614876033;0,4444628099;0,1738842975;0,3644628099;0,1831404959;0,385785124;0,412231405;0,0847933884;0,4001652893;0,4044628099;0,4107438017;0,0991735537;0;0,1138842975;0,4256198347;0,2755371901
14:10;0,1436363636;0,1049586777;0,3823140496;0,1062809917;0,0851239669;0,1628099174;0,4380165289;0;0,3957024793;0,1130578512;0,1223140496;0,1190082645;0,4704132231;0,1588429752;0,4404958678;0,1520661157;0,3745454545;0,5510743802;0,3955371901;0,4302479339;0,100661157;0,3948760331;0,2274380165;0,3492561983;0,3923966942;0,3859504132;0,1887603306;0,4072727273;0,327768595
14:05;0,087768595;0,1087603306;0,1839669421;0,1047933884;0,1117355372;0,4723966942;0,4269421488;0;0,4028099174;0,4299173554;0,3474380165;0,1327272727;0,5368595041;0,1332231405;0,2927272727;0,1581818182;0,367107438;0,5289256198;0,3933884298;0,2398347107;0,1221487603;0,3880991736;0,1105785124;0,0971900826;0,380661157;0,3849586777;0,406446281;0,3509090909;0,3442975207
14:00;0,0557024793;0,1023140496;0,1985123967;0,4254545455;0,2621487603;0,5401652893;0,4042975207;0;0,3578512397;0,42;0,4621487603;0,1160330579;0,1814876033;0,1082644628;0,46;0,4826446281;0,3695867769;0,4704132231;0,3953719008;0,4619834711;0,4204958678;0,3983471074;0,1152066116;0,2161983471;0,3940495868;0,4059504132;0,0917355372;0,201322314;0,2360330579
13:55;0,0801652893;0,0745454545;0,2223140496;0,426446281;0,1834710744;0,5228099174;0,4914049587;0,392231405;0,4109090909;0,3;0,2031404959;0,0920661157;0,1398347107;0,1714049587;0,4479338843;0,4388429752;0,3697520661;0,2783471074;0,3900826446;0,1023140496;0,4429752066;0,1646280992;0,2479338843;0,3971900826;0,4221487603;0,1089256198;0,0836363636;0,2484297521;0,3062809917
13:50;0,0656198347;0,0829752066;0,1826446281;0,1094214876;0,3434710744;0,2317355372;0,380661157;0,3978512397;0,1123966942;0,4388429752;0,4408264463;0,159338843;0,1502479339;0,2223140496;0,4409917355;0,3338842975;0,386446281;0,1375206612;0,3976859504;0,4585123967;0,4808264463;0,380661157;0,4056198347;0,4150413223;0,2712396694;0,0889256198;0,0975206612;0,2368595041;0,3373553719
13:45;0,0573553719;0,1019834711;0,1882644628;0,421322314;0,2396694215;0,4333884298;0,3360330579;0,3981818182;0,3836363636;0,4343801653;0,0816528926;0,2148760331;0,4976859504;0,1940495868;0,4218181818;0,159338843;0,3859504132;0,0976859504;0,3958677686;0,4823140496;0,12;0,3953719008;0,2274380165;0,3714049587;0,0719008264;0,0591735537;0,42;0,1833057851;0,3008264463
13:40;0,0624793388;0,1042975207;0,1971900826;0,3216528926;0,1836363636;0,4132231405;0,3119008264;0,4008264463;0,405785124;0,2626446281;0,0666115702;0,2039669421;0,4403305785;0,2109090909;0,0638016529;0,1634710744;0,3747107438;0,1552066116;0,3914049587;0,1018181818;0,1249586777;0,3950413223;0,1175206612;0,3957024793;0,1;0,0961983471;0,2039669421;0,1953719008;0,3352066116
13:35;0,1166942149;0,1145454545;0,1238016529;0,1080991736;0,1904132231;0,3292561983;0,3580165289;0,3965289256;0,412892562;0,4115702479;0,4158677686;0,2;0,4195041322;0,1636363636;0,4307438017;0,0680991736;0,3763636364;0,1760330579;0,3971900826;0,1527272727;0,1233057851;0,3849586777;0,4353719008;0,4026446281;0,220661157;0,1370247934;0,3978512397;0,1566942149;0,3223140496
13:30;0,1416528926;0,1034710744;0,1388429752;0,3361983471;0,1915702479;0,2960330579;0,3966942149;0,4107438017;0,3981818182;0,3112396694;0,3995041322;0,1629752066;0,5023140496;0,1849586777;0,4340495868;0,0383471074;0,3819834711;0,2229752066;0,392892562;0,4350413223;0,1155371901;0,392892562;0,4480991736;0,4033057851;0,4102479339;0,2229752066;0,3838016529;0,1985123967;0,3123966942
13:25;0,0980165289;0,1214876033;0,481322314;0,1031404959;0,1038016529;0,5608264463;0,3879338843;0,4137190083;0,3907438017;0,3925619835;0,4041322314;0,1565289256;0,0953719008;0,1480991736;0,3047933884;0,0451239669;0,3856198347;0,1738842975;0,3953719008;0,1099173554;0,127107438;0,3882644628;0,1188429752;0,4024793388;0,4345454545;0,3791735537;0,3872727273;0,4563636364;0,2985123967
13:20;0,1768595041;0,1067768595;0,2161983471;0,0966942149;0,0846280992;0,5538842975;0,2583471074;0,4371900826;0,3642975207;0,338677686;0,4323966942;0,092231405;0,340661157;0,2191735537;0,4758677686;0,1274380165;0,3892561983;0,5001652893;0,4033057851;0,4360330579;0,1229752066;0,3844628099;0,2514049587;0,0682644628;0,3484297521;0,3836363636;0,381322314;0,2538842975;0,2889256198
13:15;0,0909090909;0,1517355372;0,0950413223;0,1105785124;0,1280991736;0,4796694215;0,3667768595;0,5145454545;0,393553719;0,1500826446;0,4371900826;0,0966942149;0,2796694215;0,1591735537;0,4456198347;0,460661157;0,3829752066;0,5669421488;0,4008264463;0,4333884298;0,1310743802;0,3905785124;0,0948760331;0,3981818182;0,1034710744;0,367768595;0,3821487603;0,3274380165;0,2867768595
13:10;0,1395041322;0,1087603306;0,4137190083;0,1107438017;0,125785124;0,3272727273;0,2973553719;0,2056198347;0,3811570248;0,1467768595;0,3034710744;0,2302479339;0,4958677686;0,245785124;0,0730578512;0,1338842975;0,3867768595;0,1890909091;0,3965289256;0,4208264463;0,1523966942;0,4028099174;0,4370247934;0,4021487603;0,4847933884;0,3862809917;0,3882644628;0,3604958678;0,2304132231
13:05;0,1302479339;0,1466115702;0,4307438017;0,1704132231;0,1279338843;0,2221487603;0,5603305785;0,1537190083;0,3971900826;0,1609917355;0,4211570248;0,1545454545;0,5436363636;0,239338843;0,4304132231;0,1583471074;0,3809917355;0,0616528926;0,3985123967;0,4302479339;0,4319008264;0,4208264463;0,4292561983;0,3925619835;0,0854545455;0,3816528926;0,3876033058;0,400661157;0,1796694215
13:00;0,2226446281;0,1117355372;0,1667768595;0,0968595041;0,1066115702;0,1704132231;0,3305785124;0,1981818182;0,3783471074;0,3428099174;0,406446281;0,194214876;0,1631404959;0,1173553719;0,4290909091;0,1016528926;0,386446281;0,0476033058;0,4011570248;0,4218181818;0,4404958678;0,4236363636;0,1120661157;0,2067768595;0,0965289256;0,3867768595;0,3861157025;0,2619834711;0,1834710744
12:55;0,1771900826;0,1173553719;0,147768595;0,1666115702;0,1472727273;0,2395041322;0,3133884298;0,261322314;0,3885950413;0,3300826446;0,4099173554;0,1441322314;0,4788429752;0,1305785124;0,4170247934;0,4033057851;0,3876033058;0,2130578512;0,3980165289;0,4100826446;0,4238016529;0,0978512397;0,0816528926;0,4011570248;0,4533884298;0,3902479339;0,3894214876;0,287768595;0,2366942149
12:50;0,26;0,0823140496;0,4487603306;0,353553719;0,1628099174;0,2788429752;0,2950413223;0,2697520661;0,3890909091;0,2659504132;0,4320661157;0,2447933884;0,5036363636;0,2042975207;0,4152066116;0,4056198347;0,3846280992;0,0808264463;0,3968595041;0,4084297521;0,4036363636;0,418677686;0,0616528926;0,4276033058;0,3180165289;0,3849586777;0,3816528926;0,3380165289;0,1968595041
12:45;0,1732231405;0,0978512397;0,4768595041;0,1181818182;0,0952066116;0,1442975207;0,3069421488;0,5024793388;0,3828099174;0,2300826446;0,0733884298;0,1571900826;0,4315702479;0,1019834711;0,418677686;0,4120661157;0,3867768595;0,0968595041;0,398677686;0,4059504132;0,3940495868;0,0834710744;0,4024793388;0,412231405;0,1798347107;0,38;0,3844628099;0,4024793388;0,2527272727
12:40;0,1758677686;0,0927272727;0,1990082645;0,0947107438;0,1181818182;0,2267768595;0,2899173554;0,5327272727;0,3705785124;0,2434710744;0,3998347107;0,1467768595;0,4467768595;0,0712396694;0,406446281;0,3981818182;0,392892562;0,3102479339;0,3981818182;0,4072727273;0,3862809917;0,4041322314;0,3449586777;0,3809917355;0,0725619835;0,3750413223;0,3842975207;0,372892562;0,2788429752
12:35;0,2049586777;0,0957024793;0,1287603306;0,08;0,0647933884;0,4603305785;0,3785123967;0,5082644628;0,3862809917;0,2930578512;0,3836363636;0,2601652893;0,4442975207;0,1049586777;0,4084297521;0,3320661157;0,3866115702;0,0919008264;0,4;0,4095867769;0,3838016529;0,3940495868;0,3826446281;0,3907438017;0,0654545455;0,3776859504;0,3846280992;0,3418181818;0,2575206612
12:30;0,138677686;0,0909090909;0,1;0,067768595;0,0970247934;0,4674380165;0,4838016529;0,4760330579;0,3563636364;0,3692561983;0,3831404959;0,2859504132;0,4852892562;0,1591735537;0,419338843;0,4171900826;0,3824793388;0,1955371901;0,3998347107;0,4119008264;0,3849586777;0,3968595041;0,3847933884;0,3833057851;0,4011570248;0,3943801653;0,3804958678;0,3100826446;0,1791735537
12:25;0,107768595;0,0889256198;0,1152066116;0,052231405;0,0811570248;0,2842975207;0,2750413223;0,478677686;0,3907438017;0,3391735537;0,3672727273;0,4350413223;0,127768595;0,1497520661;0,0889256198;0,3978512397;0,3801652893;0,2267768595;0,4004958678;0,3467768595;0,3856198347;0,398677686;0,3639669421;0,3948760331;0,3895867769;0,2132231405;0,381322314;0,327107438;0,2148760331
12:20;0,0804958678;0,1042975207;0,1310743802;0,0662809917;0,1424793388;0,2485950413;0,4079338843;0,2628099174;0,3778512397;0,3533884298;0,3684297521;0,2190082645;0,1211570248;0,1895867769;0,4373553719;0,3819834711;0,3783471074;0,2692561983;0,3976859504;0,2780165289;0,3842975207;0,3880991736;0,3846280992;0,3753719008;0,2991735537;0,2780165289;0,3760330579;0,372892562;0,1960330579
12:15;0,0558677686;0,1036363636;0,1771900826;0,0826446281;0,1358677686;0,3434710744;0,405785124;0,2492561983;0,3619834711;0,3236363636;0,36;0,1963636364;0,12;0,1955371901;0,4262809917;0,3990082645;0,3814876033;0,1138842975;0,3947107438;0,2732231405;0,3842975207;0,3879338843;0,3758677686;0,3649586777;0,2943801653;0,3360330579;0,3737190083;0,4241322314;0,1887603306
12:10;0,0573553719;0,1411570248;0,1618181818;0,1239669421;0,1424793388;0,3656198347;0,4758677686;0,2047933884;0,3804958678;0,3163636364;0,3626446281;0,2036363636;0,4983471074;0,393553719;0,4580165289;0,3884297521;0,380661157;0,1016528926;0,387768595;0,340661157;0,3842975207;0,3844628099;0,3720661157;0,3636363636;0,2905785124;0,3621487603;0,3709090909;0,4323966942;0,1975206612
12:05;0,0487603306;0,1295867769;0,1512396694;0,4581818182;0,0809917355;0,2168595041;0,2733884298;0,2770247934;0,2842975207;0,327768595;0,3581818182;0,2292561983;0,1489256198;0,1666115702;0,4667768595;0,3737190083;0,3753719008;0,0925619835;0,387768595;0,3715702479;0,3811570248;0,0423140496;0,367107438;0,3634710744;0,2836363636;0,3588429752;0,3676033058;0,3907438017;0,1880991736
12:00;0,0568595041;0,1203305785;0,1705785124;0,187768595;0,0694214876;0,2431404959;0,2776859504;0,2355371901;0,3694214876;0,3297520661;0,3514049587;0,2358677686;0,4239669421;0,1381818182;0,0991735537;0,3695867769;0,3712396694;0,0773553719;0,3892561983;0,392231405;0,3778512397;0,3714049587;0,3669421488;0,3641322314;0,2768595041;0,3502479339;0,3623140496;0,3360330579;0,1785123967
11:55;0,1181818182;0,1667768595;0,1502479339;0,4107438017;0,0927272727;0,0795041322;0,3376859504;0,2889256198;0,2985123967;0,3290909091;0,3416528926;0,2066115702;0,4036363636;0,0940495868;0,1016528926;0,3699173554;0,3679338843;0,0862809917;0,3861157025;0,3920661157;0,3887603306;0,3621487603;0,367107438;0,3626446281;0,2714049587;0,3505785124;0,3591735537;0,2383471074;0,1750413223
11:50;0,2565289256;0,1016528926;0,4155371901;0,3885950413;0,1652892562;0,1004958678;0,2995041322;0,2484297521;0,3773553719;0,381322314;0,3438016529;0,2279338843;0,3557024793;0,1366942149;0,4355371901;0,3654545455;0,3641322314;0,052231405;0,3842975207;0,3980165289;0,3811570248;0,3576859504;0,3661157025;0,3619834711;0,2566942149;0,3474380165;0,3520661157;0,2009917355;0,1732231405
11:45;0,0674380165;0,1052892562;0,4171900826;0,4018181818;0,1062809917;0,0829752066;0,4325619835;0,4029752066;0,373553719;0,3500826446;0,3343801653;0,4960330579;0,3876033058;0,1161983471;0,4120661157;0,3596694215;0,3634710744;0,0305785124;0,380661157;0,3862809917;0,3757024793;0,3626446281;0,3633057851;0,3609917355;0,2500826446;0,3456198347;0,353553719;0,201322314;0,1958677686
11:40;0,0552066116;0,1221487603;0,3882644628;0,4031404959;0,0917355372;0,0467768595;0,3092561983;0,367768595;0,360661157;0,2340495868;0,3385123967;0,2590082645;0,4104132231;0,087107438;0,2285950413;0,3580165289;0,3669421488;0,0480991736;0,3801652893;0,325785124;0,3755371901;0,3629752066;0,3603305785;0,3578512397;0,239338843;0,3414876033;0,3492561983;0,2221487603;0,1819834711
11:35;0,0923966942;0,1252892562;0,3770247934;0,3809917355;0,1171900826;0,032892562;0,3537190083;0,360661157;0,3783471074;0,4444628099;0,3203305785;0,2368595041;0,392231405;0,1418181818;0,3971900826;0,3209917355;0,3621487603;0,0694214876;0,3780165289;0,3803305785;0,3917355372;0,3575206612;0,3576859504;0,3520661157;0,225785124;0,3449586777;0,3502479339;0,1957024793;0,1846280992
11:30;0,072892562;0,0844628099;0,3856198347;0,3662809917;0,1442975207;0,0409917355;0,3489256198;0,3558677686;0,3502479339;0,3879338843;0,332231405;0,4282644628;0,3069421488;0,5480991736;0,3961983471;0,3603305785;0,366446281;0,1639669421;0,3770247934;0,3836363636;0,3958677686;0,3479338843;0,3512396694;0,3489256198;0,2196694215;0,3449586777;0,3446280992;0,1628099174;0,1945454545
11:25;0,0580165289;0,0968595041;0,3927272727;0,3704132231;0,0737190083;0,0480991736;0,3041322314;0,3548760331;0,3588429752;0,3383471074;0,2745454545;0,181322314;0,4218181818;0,1175206612;0,3828099174;0,3771900826;0,3649586777;0,112231405;0,3714049587;0,3844628099;0,3836363636;0,3439669421;0,3472727273;0,3421487603;0,2107438017;0,3396694215;0,346446281;0,1796694215;0,1776859504
11:20;0,0532231405;0,1218181818;0,1626446281;0,3555371901;0,1489256198;0,0523966942;0,307768595;0,3466115702;0,3502479339;0,380661157;0,3170247934;0,2099173554;0,0968595041;0,2641322314;0,3707438017;0,3694214876;0,3517355372;0,0611570248;0,3680991736;0,3811570248;0,3980165289;0,3416528926;0,3442975207;0,3388429752;0,2085950413;0,3361983471;0,339338843;0,2246280992;0,1667768595
11:15;0,0831404959;0,1287603306;0,1624793388;0,346446281;0,1585123967;0,0909090909;0,2262809917;0,3401652893;0,3396694215;0,3628099174;0,2985123967;0,4087603306;0,1170247934;0,1424793388;0,3515702479;0,2566942149;0,3459504132;0,0636363636;0,3649586777;0,3748760331;0,4242975207;0,3396694215;0,3380165289;0,3401652893;0,2023140496;0,326446281;0,3395041322;0,2955371901;0,1647933884
11:10;0,0624793388;0,094214876;0,1357024793;0,3315702479;0,0880991736;0,1320661157;0,2768595041;0,3383471074;0,3428099174;0,3418181818;0,3252892562;0,1733884298;0,0930578512;0,1629752066;0,3563636364;0,3961983471;0,1403305785;0,0791735537;0,3634710744;0,3685950413;0,4290909091;0,3338842975;0,3345454545;0,332231405;0,1948760331;0,321322314;0,3295867769;0,2515702479;0,1685950413
11:05;0,0619834711;0,1365289256;0,2239669421;0,3299173554;0,0679338843;0,1927272727;0,2705785124;0,332231405;0,321322314;0,3745454545;0,3226446281;0,4003305785;0,1297520661;0,2266115702;0,3604958678;0,3424793388;0,3552066116;0,179338843;0,3623140496;0,3649586777;0,2629752066;0,3327272727;0,3312396694;0,3148760331;0,1866115702;0,318677686;0,3251239669;0,2761983471;0,1712396694
11:00;0,0616528926;0,0902479339;0,2484297521;0,327107438;0,0988429752;0,18;0,2107438017;0,3282644628;0,3340495868;0,3262809917;0,3166942149;0,1221487603;0,0952066116;0,0766942149;0,3492561983;0,3315702479;0,3428099174;0,1426446281;0,3552066116;0,3560330579;0,3198347107;0,3256198347;0,327107438;0,3148760331;0,1747107438;0,3171900826;0,3228099174;0,1910743802;0,2188429752
10:55;0,0636363636;0,0866115702;0,3280991736;0,3195041322;0,1652892562;0,1639669421;0,1608264463;0,3238016529;0,1411570248;0,3284297521;0,2998347107;0,0948760331;0,1145454545;0,0966942149;0,3446280992;0,2623140496;0,3363636364;0,1479338843;0,3505785124;0,3391735537;0,2051239669;0,3226446281;0,3219834711;0,3105785124;0,165785124;0,3112396694;0,3110743802;0,2499173554;0,1530578512
10:50;0,1492561983;0,1039669421;0,3238016529;0,3140495868;0,1307438017;0,1545454545;0,1899173554;0,3183471074;0,1246280992;0,3246280992;0,2892561983;0,1305785124;0,1396694215;0,0552066116;0,3327272727;0,3158677686;0,1575206612;0,1461157025;0,346446281;0,3492561983;0,3568595041;0,3175206612;0,3176859504;0,3033057851;0,1523966942;0,2978512397;0,3033057851;0,1897520661;0,1423140496
10:45;0,0474380165;0,1039669421;0,3224793388;0,3100826446;0,0836363636;0,1224793388;0,1978512397;0,3123966942;0,2856198347;0,3117355372;0,286446281;0,1267768595;0,3661157025;0,0578512397;0,3246280992;0,3138842975;0,1692561983;0,0930578512;0,3423140496;0,3499173554;0,3550413223;0,312231405;0,3160330579;0,3001652893;0,1461157025;0,3;0,3001652893;0,2957024793;0,1307438017
10:40;0,0580165289;0,1117355372;0,3216528926;0,2310743802;0,0932231405;0,0829752066;0,2684297521;0,3044628099;0,2591735537;0,306446281;0,2801652893;0,1112396694;0,3459504132;0,0644628099;0,3148760331;0,3062809917;0,1008264463;0,085785124;0,3390082645;0,347768595;0,3370247934;0,3095867769;0,3130578512;0,2933884298;0,1381818182;0,294214876;0,2988429752;0,2737190083;0,1543801653
10:35;0,0487603306;0,138677686;0,3284297521;0,0990082645;0,1238016529;0,0552066116;0,2952066116;0,2996694215;0,2029752066;0,2861157025;0,2748760331;0,1228099174;0,3360330579;0,1051239669;0,3155371901;0,3038016529;0,3487603306;0,2173553719;0,3299173554;0,3385123967;0,2945454545;0,3041322314;0,301322314;0,2889256198;0,1319008264;0,2894214876;0,2910743802;0,1490909091;0,1234710744
10:30;0,0492561983;0,1315702479;0,1087603306;0,2834710744;0,119338843;0,0439669421;0,2423140496;0,2963636364;0,1370247934;0,2919008264;0,2666115702;0,0980165289;0,3419834711;0,0778512397;0,3107438017;0,300661157;0,3500826446;0,1304132231;0,3254545455;0,3391735537;0,36;0,2985123967;0,2988429752;0,2834710744;0,1239669421;0,2872727273;0,2859504132;0,1152066116;0,1190082645
10:25;0,0844628099;0,1451239669;0,1814876033;0,2700826446;0,1366942149;0,041322314;0,174214876;0,2963636364;0,3251239669;0,2960330579;0,2519008264;0,1309090909;0,0824793388;0,1004958678;0,3041322314;0,2958677686;0,3256198347;0,1302479339;0,3155371901;0,327768595;0,3219834711;0,2920661157;0,2937190083;0,2761983471;0,1115702479;0,2856198347;0,2847933884;0,0950413223;0,1246280992
10:20;0,053553719;0,1368595041;0,1266115702;0,266446281;0,1095867769;0,059338843;0,1707438017;0,2828099174;0,1051239669;0,2919008264;0,2449586777;0,1104132231;0,0755371901;0,094214876;0,2738842975;0,287768595;0,300661157;0,1611570248;0,3095867769;0,3062809917;0,0880991736;0,2839669421;0,2750413223;0,2628099174;0,1016528926;0,273553719;0,2760330579;0,0816528926;0,1216528926
10:15;0,0373553719;0,1201652893;0,3371900826;0,2583471074;0,1833057851;0,0829752066;0,1712396694;0,2925619835;0,2826446281;0,2021487603;0,2385123967;0,1034710744;0,0869421488;0,0961983471;0,2869421488;0,279338843;0,2819834711;0,1295867769;0,3029752066;0,2923966942;0,3262809917;0,278677686;0,2823140496;0,2553719008;0,092892562;0,2690909091;0,2720661157;0,0788429752;0,1133884298
10:10;0,0411570248;0,1031404959;0,2844628099;0,2439669421;0,1816528926;0,0732231405;0,1689256198;0,2841322314;0,1219834711;0,1578512397;0,2254545455;0,1031404959;0,0687603306;0,0859504132;0,28;0,2795041322;0,1011570248;0,1560330579;0,2894214876;0,233553719;0,3196694215;0,2561983471;0,2758677686;0,2499173554;0,0854545455;0,2552066116;0,2571900826;0,0702479339;0,1036363636
10:05;0,04;0,1047933884;0,1679338843;0,2375206612;0,1211570248;0,0672727273;0,1614876033;0,2438016529;0,1824793388;0,2416528926;0,2209917355;0,1204958678;0,3085950413;0,1239669421;0,258677686;0,2914049587;0,213553719;0,0651239669;0,2804958678;0,2261157025;0,2854545455;0,2588429752;0,2558677686;0,2358677686;0,0745454545;0,2461157025;0,2523966942;0,0591735537;0,0937190083
10:00;0,0348760331;0,1;0,2576859504;0,218677686;0,1368595041;0,0644628099;0,1973553719;0,1553719008;0,2125619835;0,2502479339;0,2109090909;0,1044628099;0,0973553719;0,1214876033;0,253553719;0,2851239669;0,0836363636;0,0836363636;0,2753719008;0,2510743802;0,3026446281;0,2519008264;0,2510743802;0,2304132231;0,0638016529;0,2385123967;0,246446281;0,0451239669;0,0809917355
09:55;0,0436363636;0,1023140496;0,2426446281;0,2218181818;0,094214876;0,0623140496;0,1452892562;0,272231405;0,1652892562;0,2310743802;0,2029752066;0,0961983471;0,1990082645;0,0444628099;0,2480991736;0,0907438017;0,2909090909;0,0947107438;0,2578512397;0,2320661157;0,2933884298;0,2383471074;0,2441322314;0,2233057851;0,0598347107;0,2297520661;0,2376859504;0,0315702479;0,0666115702
09:50;0,0401652893;0,101322314;0,2366942149;0,2133884298;0,0887603306;0,0634710744;0,1428099174;0,2512396694;0,1269421488;0,2239669421;0,1983471074;0,101322314;0,0785123967;0,0596694215;0,232892562;0,2361983471;0,2955371901;0,053553719;0,2555371901;0,227768595;0,2856198347;0,2312396694;0,2319008264;0,2165289256;0,0507438017;0,2208264463;0,2218181818;0,0201652893;0,0566942149
09:45;0,0490909091;0,0895867769;0,2319008264;0,2074380165;0,0801652893;0,0659504132;0,0940495868;0,1553719008;0,099338843;0,2153719008;0,1932231405;0,1087603306;0,2940495868;0,1176859504;0,2290909091;0,2428099174;0,1667768595;0,0461157025;0,2482644628;0,2590082645;0,2710743802;0,2246280992;0,2276033058;0,2095867769;0,0429752066;0,2147107438;0,2183471074;0,0158677686;0,0520661157
09:40;0,039338843;0,0882644628;0,22;0,2033057851;0,0380165289;0,0659504132;0,1183471074;0,1509090909;0,1009917355;0,1760330579;0,1836363636;0,1044628099;0,3056198347;0,0646280992;0,2242975207;0,2343801653;0,1454545455;0,0543801653;0,2433057851;0,2307438017;0,0682644628;0,2168595041;0,2166942149;0,2026446281;0,0366942149;0,2067768595;0,2087603306;0,012892562;0,0502479339
09:35;0,0424793388;0,0652892562;0,2115702479;0,193553719;0,0461157025;0,0697520661;0,1892561983;0,2738842975;0,0882644628;0,2233057851;0,1753719008;0,0957024793;0,2532231405;0,0502479339;0,2171900826;0,232892562;0,1398347107;0,0479338843;0,2363636364;0,2042975207;0,2033057851;0,2099173554;0,2112396694;0,1947107438;0,027768595;0,1996694215;0,201322314;0,0100826446;0,0565289256
09:30;0,0401652893;0,0730578512;0,2061157025;0,181322314;0,0409917355;0,0823140496;0,1818181818;0,1823140496;0,1003305785;0,2190082645;0,1676033058;0,0752066116;0,1474380165;0,0479338843;0,2104132231;0,0636363636;0,0953719008;0,0456198347;0,2280991736;0,1490909091;0,0719008264;0,2036363636;0,2014876033;0,1816528926;0,0224793388;0,1970247934;0,1937190083;0,0072727273;0,0573553719
09:25;0,0352066116;0,0925619835;0,1953719008;0,1752066116;0,0418181818;0,0930578512;0,1188429752;0,2358677686;0,0778512397;0,1933884298;0,1553719008;0,0666115702;0,1350413223;0,0604958678;0,2024793388;0,2530578512;0,2421487603;0,0704132231;0,2216528926;0,1996694215;0,2462809917;0,1973553719;0,1968595041;0,1740495868;0,0165289256;0,1889256198;0,1856198347;0,0061157025;0,0580165289
09:20;0,0444628099;0,0654545455;0,1844628099;0,1609917355;0,0490909091;0,0836363636;0,105785124;0,2090909091;0,0890909091;0,0909090909;0,1495867769;0,0624793388;0,1411570248;0,0583471074;0,1925619835;0,2433057851;0,1619834711;0,1123966942;0,2109090909;0,1890909091;0,2419834711;0,1892561983;0,1733884298;0,1631404959;0,007768595;0,1732231405;0,1833057851;0,0044628099;0,0571900826
09:15;0,0485950413;0,078677686;0,1763636364;0,1523966942;0,0418181818;0,0633057851;0,0885950413;0,1818181818;0,0738842975;0,0614876033;0,1438016529;0,0639669421;0,0565289256;0,072231405;0,1804958678;0,1704132231;0,1538842975;0,1424793388;0,1978512397;0,1920661157;0,132231405;0,1763636364;0,1747107438;0,1545454545;0,007768595;0,1661157025;0,1646280992;0,0031404959;0,058677686
09:10;0,0327272727;0,0504132231;0,1639669421;0,1459504132;0,0396694215;0,0561983471;0,052231405;0,0933884298;0,0687603306;0,0624793388;0,1381818182;0,0500826446;0,0507438017;0,0781818182;0,1725619835;0,1932231405;0,1753719008;0,1282644628;0,1900826446;0,1851239669;0,2161983471;0,1679338843;0,1720661157;0,1466115702;0,006446281;0,1565289256;0,1581818182;0,0023140496;0,0608264463
09:05;0,0276033058;0,0474380165;0,1459504132;0,134214876;0,0391735537;0,0566942149;0,0459504132;0,1001652893;0,074214876;0,0411570248;0,1352066116;0,0454545455;0,0578512397;0,0743801653;0,1595041322;0,152892562;0,1289256198;0,0684297521;0,1747107438;0,1781818182;0,0890909091;0,1530578512;0,159338843;0,1404958678;0,0047933884;0,147107438;0,1446280992;0,0047933884;0,0628099174
09:00;0,0223140496;0,0494214876;0,0310743802;0,1252892562;0,0274380165;0,0674380165;0,0558677686;0,072231405;0,0621487603;0,0332231405;0,0426446281;0,0380165289;0,0461157025;0,0646280992;0,1545454545;0,1557024793;0,18;0,0927272727;0,1674380165;0,1682644628;0,0543801653;0,1476033058;0,147768595;0,1323966942;0,0039669421;0,1376859504;0,1256198347;0,014214876;0,0690909091
08:55;0,0229752066;0,0573553719;0,1433057851;0,1123966942;0,0244628099;0,0421487603;0,0497520661;0,0765289256;0,0583471074;0,0953719008;0,0530578512;0,0315702479;0,0287603306;0,066446281;0,1487603306;0,1421487603;0,1700826446;0,0662809917;0,1590082645;0,1616528926;0,0730578512;0,1396694215;0,1375206612;0,120661157;0,0028099174;0,1280991736;0,1052892562;0,0228099174;0,0662809917
08:50;0,0229752066;0,0517355372;0,1238016529;0,1031404959;0,0208264463;0,0385123967;0,0429752066;0,0727272727;0,0523966942;0,140661157;0,0874380165;0,033553719;0,0287603306;0,0376859504;0,140661157;0,1352066116;0,052892562;0,0856198347;0,1560330579;0,152892562;0,1302479339;0,1312396694;0,1289256198;0,1094214876;0,0016528926;0,1190082645;0,0489256198;0,0310743802;0,0629752066
08:45;0,0150413223;0,0576859504;0,1267768595;0,0981818182;0,0180165289;0,041322314;0,0423140496;0,0618181818;0,0480991736;0,1333884298;0,0626446281;0,0241322314;0,0421487603;0,0530578512;0,134214876;0,1145454545;0,0785123967;0,0775206612;0,1396694215;0,1439669421;0,1242975207;0,1166942149;0,1185123967;0,1009917355;0,0003305785;0,1066115702;0,0411570248;0,0267768595;0,0560330579
08:40;0,0145454545;0,0408264463;0,1095867769;0,0890909091;0,012892562;0,0309090909;0,0517355372;0,0523966942;0,0426446281;0,1160330579;0,0447933884;0,0233057851;0,0469421488;0,0337190083;0,12;0,1152066116;0,1355371901;0,0616528926;0,1302479339;0,1315702479;0,1102479339;0,1061157025;0,1066115702;0,0952066116;0;0,1016528926;0,0494214876;0,019338843;0,0540495868
08:35;0,0137190083;0,0444628099;0,1019834711;0,0745454545;0,0110743802;0,0289256198;0,0591735537;0,0532231405;0,0421487603;0,0730578512;0,0314049587;0,019338843;0,0537190083;0,0289256198;0,1051239669;0,1044628099;0,0710743802;0,0552066116;0,1173553719;0,1229752066;0,1023140496;0,1046280992;0,0900826446;0,0872727273;0;0,0927272727;0,0682644628;0,0115702479;0,0509090909
08:30;0,0125619835;0,0652892562;0,0472727273;0,0679338843;0,0110743802;0,0509090909;0,0517355372;0,046446281;0,0282644628;0,0690909091;0,0279338843;0,0115702479;0,054214876;0,0347107438;0,100661157;0,0966942149;0,0333884298;0,058677686;0,1062809917;0,112231405;0,0953719008;0,1016528926;0,0892561983;0,0755371901;0;0,087107438;0,0523966942;0,0294214876;0,0459504132
08:25;0,012231405;0,0666115702;0,0533884298;0,0561983471;0,0165289256;0,0563636364;0,0375206612;0,0403305785;0,0290909091;0,0636363636;0,0261157025;0,006446281;0,0436363636;0,0358677686;0,0933884298;0,0915702479;0,0403305785;0,0279338843;0,1016528926;0,1042975207;0,0862809917;0,0866115702;0,0773553719;0,0661157025;0;0,0778512397;0,052892562;0,0234710744;0,0398347107
08:20;0,0110743802;0,0398347107;0,026446281;0,0480991736;0,0125619835;0,0583471074;0,0297520661;0,0343801653;0,0201652893;0,0545454545;0,0305785124;0,007107438;0,0314049587;0,0419834711;0,0818181818;0,0796694215;0,04;0,0224793388;0,0899173554;0,0952066116;0,0761983471;0,0752066116;0,0748760331;0,0563636364;0;0,0616528926;0,0608264463;0,0190082645;0,0390082645
08:15;0,0097520661;0,0444628099;0,0127272727;0,0436363636;0,0095867769;0,0580165289;0,018677686;0,0290909091;0,0165289256;0,0459504132;0,025785124;0,0087603306;0,0304132231;0,0247933884;0,0695867769;0,0705785124;0,0261157025;0,018677686;0,0775206612;0,0847933884;0,0666115702;0,0641322314;0,0667768595;0,0476033058;0;0,0634710744;0,0489256198;0,0163636364;0,0395041322
08:10;0,005785124;0,0444628099;0,0147107438;0,0337190083;0,0080991736;0,047768595;0,0208264463;0,0266115702;0,0157024793;0,0358677686;0,0242975207;0,0092561983;0,0390082645;0,027107438;0,0639669421;0,025785124;0,019338843;0,0094214876;0,0694214876;0,074214876;0,06;0,0565289256;0,0604958678;0,0423140496;0;0,0565289256;0,0446280992;0,0137190083;0,0388429752
08:05;0,0028099174;0,0325619835;0,0204958678;0,0272727273;0,0054545455;0,0300826446;0,0242975207;0,025785124;0,0150413223;0,0287603306;0,0266115702;0,0092561983;0,0246280992;0,0153719008;0,0552066116;0,0178512397;0,0161983471;0,0185123967;0,058677686;0,0666115702;0,0487603306;0,0472727273;0,054214876;0,032892562;0;0,0441322314;0,0492561983;0,0094214876;0,0358677686
08:00;0,0003305785;0,0244628099;0,0221487603;0,021322314;0,0009917355;0,0084297521;0,0256198347;0,0204958678;0,012231405;0,0345454545;0,0188429752;0,0095867769;0,0262809917;0,0166942149;0,0472727273;0,0343801653;0,0137190083;0,0115702479;0,0500826446;0,0416528926;0,0428099174;0,040661157;0,0426446281;0,0279338843;0;0,0223140496;0,045785124;0,0074380165;0,0332231405
07:55;0;0,0180165289;0,0299173554;0,0080991736;0;0,0024793388;0,02;0,0226446281;0,0061157025;0,034214876;0,0165289256;0,0056198347;0,0352066116;0,0143801653;0,039338843;0,0505785124;0,019338843;0,0120661157;0,0411570248;0,0479338843;0,0327272727;0,032231405;0,0383471074;0,0203305785;0;0,0285950413;0,0472727273;0,0061157025;0,0323966942
07:50;0;0,0120661157;0,0143801653;0,0066115702;0;0,0008264463;0,0208264463;0,0173553719;0,0067768595;0,0295867769;0,0125619835;0,005785124;0,032892562;0,0170247934;0,032231405;0,0357024793;0,0095867769;0,0079338843;0,0256198347;0,0401652893;0,027768595;0,0266115702;0,0299173554;0,0069421488;0;0,027107438;0,0509090909;0,0042975207;0,0290909091
07:45;0;0,0054545455;0,0095867769;0,0062809917;0;0,0018181818;0,0201652893;0,0221487603;0,0074380165;0,0231404959;0,0072727273;0,0033057851;0,0209917355;0,0109090909;0,0254545455;0,0279338843;0,0092561983;0,0085950413;0,0244628099;0,0401652893;0,0201652893;0,0190082645;0,0252892562;0,006446281;0;0,018677686;0,0294214876;0,0026446281;0,0251239669
07:40;0;0,0049586777;0,007768595;0,0046280992;0;0,0016528926;0,0216528926;0,013553719;0,0039669421;0,020661157;0,0029752066;0,0008264463;0,0150413223;0,0080991736;0,018677686;0,0218181818;0,0056198347;0,0115702479;0,018677686;0,0238016529;0,0145454545;0,0125619835;0,018677686;0,0059504132;0;0,0223140496;0,032892562;0,0011570248;0,0208264463
07:35;0;0,0019834711;0,0056198347;0,0031404959;0;0,0014876033;0,0161983471;0,007768595;0,0051239669;0,0171900826;0,0003305785;0,000661157;0,0107438017;0,0059504132;0,0132231405;0,0115702479;0,0052892562;0,0183471074;0,0120661157;0,0180165289;0,0072727273;0,0079338843;0,0087603306;0,0039669421;0;0,0178512397;0,0340495868;0;0,0166942149
07:30;0;0,0016528926;0,0041322314;0,0019834711;0;0;0,0158677686;0,0051239669;0;0,0140495868;0;0;0,0130578512;0,0100826446;0,0080991736;0,0085950413;0,0034710744;0,0256198347;0,0049586777;0,0119008264;0,006446281;0,0072727273;0,007768595;0,0033057851;0;0,012231405;0,0337190083;0;0,0127272727
07:25;0;0;0,001322314;0,0016528926;0;0;0,0066115702;0,0026446281;0;0,0074380165;0;0;0,007107438;0,0087603306;0,0067768595;0,0072727273;0,0028099174;0,0185123967;0,0049586777;0,0062809917;0,0044628099;0,0052892562;0,0067768595;0,0021487603;0;0,0097520661;0,0236363636;0;0,0089256198
07:20;0;0;0,000661157;0,000661157;0;0;0,0036363636;0,000661157;0;0,0033057851;0;0;0,005785124;0,0067768595;0,0051239669;0,0051239669;0,0019834711;0,0100826446;0,0029752066;0,0047933884;0,0038016529;0,0039669421;0,0054545455;0,001322314;0;0,0117355372;0,019338843;0;0,0066115702
07:15;0;0;0;0;0;0;0,0023140496;0;0;0,000661157;0;0;0,0016528926;0,000661157;0,0042975207;0,0039669421;0;0,0079338843;0,0023140496;0,0039669421;0,0028099174;0,0034710744;0,0042975207;0;0;0,0054545455;0,0152066116;0;0,0018181818
07:10;0;0;0;0;0;0;0,0026446281;0;0;0;0;0;0;0;0,0031404959;0,0047933884;0;0,0056198347;0,0014876033;0,0031404959;0,0019834711;0,0023140496;0,0033057851;0;0;0,0026446281;0,0119008264;0;0,001322314
07:05;0;0;0;0;0;0;0,0011570248;0;0;0;0;0;0;0;0,0019834711;0,0056198347;0;0,0033057851;0,0004958678;0,0019834711;0,000661157;0,0008264463;0,0018181818;0;0;0,0014876033;0,006446281;0;0,0004958678
07:00;0;0;0;0;0;0;0;0;0;0;0;0;0;0;0,000661157;0,0019834711;0;0,0024793388;0;0,0008264463;0;0;0,000661157;0;0;0;0,0031404959;0;0
06:55;0;0;0;0;0;0;0;0;0;0;0;0;0;0;0;0;0;0,0023140496;0;0;0;0;0;0;0;0;0,0016528926;0;0
06:50;0;0;0;0;0;0;0;0;0;0;0;0;0;0;0;0;0;0;0;0;0;0;0;0;0;0;0;0;0
06:45;0;0;0;0;0;0;0;0;0;0;0;0;0;0;0;0;0;0;0;0;0;0;0;0;0;0;0;0;0
06:40;0;0,0003305785;0;0;0;0;0;0;0;0;0;0;0;0;0;0;0;0;0;0;0;0;0;0;0;0;0;0;0
06:35;0;0;0;0;0;0;0;0;0;0;0;0;0;0;0;0;0;0;0;0;0;0;0;0;0;0;0;0;0
06:30;0;0;0;0;0;0;0;0;0;0;0;0;0;0;0;0;0;0;0;0;0;0;0;0;0;0;0;0;0
06:25;0;0;0;0;0;0;0;0;0;0;0;0;0;0;0;0;0;0;0;0;0;0;0;0;0;0;0;0;0
06:20;0;0;0;0;0;0;0;0;0;0;0;0;0;0;0;0;0;0;0;0;0;0;0;0;0;0;0;0;0
06:15;0;0;0;0;0;0;0;0;0;0;0;0;0;0;0;0;0;0;0;0;0;0;0;0;0;0;0;0;0
06:10;0;0;0;0;0;0;0;0;0;0;0;0;0;0;0;0;0;0;0;0;0;0;0;0;0;0;0;0;0
06:05;0;0;0;0;0;0;0;0;0;0;0;0;0;0;0;0;0;0;0;0;0;0;0;0;0;0;0;0;0
06:00;0;0;0;0;0;0;0;0;0;0;0;0;0;0;0;0;0;0;0;0;0;0;0;0;0;0;0;0;0
05:55;0;0;0;0;0;0;0;0;0;0;0;0;0;0;0;0;0;0;0;0;0;0;0;0;0;0;0;0;0
05:50;0;0;0;0;0;0;0;0;0;0;0;0;0;0;0;0;0;0;0;0;0;0;0;0;0;0;0;0;0
05:45;0;0;0;0;0;0;0;0;0;0;0;0;0;0;0;0;0;0;0;0;0;0;0;0;0;0;0;0;0
05:40;0;0;0;0;0;0;0;0;0;0;0;0;0;0;0;0;0;0;0;0;0;0;0;0;0;0;0;0;0
05:35;0;0;0;0;0;0;0;0;0;0;0;0;0;0;0;0;0;0;0;0;0;0;0;0;0;0;0;0;0
05:30;0;0;0;0;0;0;0;0;0;0;0;0;0;0;0;0;0;0;0;0;0;0;0;0;0;0;0;0;0
05:25;0;0;0;0;0;0;0;0;0;0;0;0;0;0;0;0;0;0;0;0;0;0;0;0;0;0;0;0;0
05:20;0;0;0;0;0;0;0;0;0;0;0;0;0;0;0;0;0;0;0;0;0;0;0;0;0;0;0;0;0
05:15;0;0;0;0;0;0;0;0;0;0;0;0;0;0;0;0;0;0;0;0;0;0;0;0;0;0;0;0;0
05:10;0;0;0;0;0;0;0;0;0;0;0;0;0;0;0;0;0;0;0;0;0;0;0;0;0;0;0;0;0
05:05;0;0;0;0;0;0;0;0;0;0;0;0;0;0;0;0;0;0;0;0;0;0;0;0;0;0;0;0;0
05:00;0;0;0;0;0;0;0;0;0;0;0;0;0;0;0;0;0;0;0;0;0;0;0;0;0;0;0;0;0
04:55;0;0;0;0;0;0;0;0;0;0;0;0;0;0;0;0;0;0;0;0;0;0;0;0;0;0;0;0;0
04:50;0;0;0;0;0;0;0;0;0;0;0;0;0;0;0;0;0;0;0;0;0;0;0;0;0;0;0;0;0
04:45;0;0;0;0;0;0;0;0;0;0;0;0;0;0;0;0;0;0;0;0;0;0;0;0;0;0;0;0;0
04:40;0;0;0;0;0;0;0;0;0;0;0;0;0;0;0;0;0;0;0;0;0;0;0;0;0;0;0;0;0
04:35;0;0;0;0;0;0;0;0;0;0;0;0;0;0;0;0;0;0;0;0;0;0;0;0;0;0;0;0;0
04:30;0;0;0;0;0;0;0;0;0;0;0;0;0;0;0;0;0;0;0;0;0;0;0;0;0;0;0;0;0
04:25;0;0;0;0;0;0;0;0;0;0;0;0;0;0;0;0;0;0;0;0;0;0;0;0;0;0;0;0;0
04:20;0;0;0;0;0;0;0;0;0;0;0;0;0;0;0;0;0;0;0;0;0;0;0;0;0;0;0;0;0
04:15;0;0;0;0;0;0;0;0;0;0;0;0;0;0;0;0;0;0;0;0;0;0;0;0;0;0;0;0;0
04:10;0;0;0;0;0;0;0;0;0;0;0;0;0;0;0;0;0;0;0;0;0;0;0;0;0;0;0;0;0
04:05;0;0;0;0;0;0;0;0;0;0;0;0;0;0;0;0;0;0;0;0;0;0;0;0;0;0;0;0;0
04:00;0;0;0;0;0;0;0;0;0;0;0;0;0;0;0;0;0;0;0;0;0;0;0;0;0;0;0;0;0
03:55;0;0;0;0;0;0;0;0;0;0;0;0;0;0;0;0;0;0;0;0;0;0;0;0;0;0;0;0;0
03:50;0;0;0;0;0;0;0;0;0;0;0;0;0;0;0;0;0;0;0;0;0;0;0;0;0;0;0;0;0
03:45;0;0;0;0;0;0;0;0;0;0;0;0;0;0;0;0;0;0;0;0;0;0;0;0;0;0;0;0;0
03:40;0;0;0;0;0;0;0;0;0;0;0;0;0;0;0;0;0;0;0;0;0;0;0;0;0;0;0;0;0
03:35;0;0;0;0;0;0;0;0;0;0;0;0;0;0;0;0;0;0;0;0;0;0;0;0;0;0;0;0;0
03:30;0;0;0;0;0;0;0;0;0;0;0;0;0;0;0;0;0;0;0;0;0;0;0;0;0;0;0;0;0
03:25;0;0;0;0;0;0;0;0;0;0;0;0;0;0;0;0;0;0;0;0;0;0;0;0;0;0;0;0;0
03:20;0;0;0;0;0;0;0;0;0;0;0;0;0;0;0;0;0;0;0;0;0;0;0;0;0;0;0;0;0
03:15;0;0;0;0;0;0;0;0;0;0;0;0;0;0;0;0;0;0;0;0;0;0;0;0;0;0;0;0;0
03:10;0;0;0;0;0;0;0;0;0;0;0;0;0;0;0;0;0;0;0;0;0;0;0;0;0;0;0;0;0
03:05;0;0;0;0;0;0;0;0;0;0;0;0;0;0;0;0;0;0;0;0;0;0;0;0;0;0;0;0;0
03:00;0;0;0;0;0;0;0;0;0;0;0;0;0;0;0;0;0;0;0;0;0;0;0;0;0;0;0;0;0
02:55;0;0;0;0;0;0;0;0;0;0;0;0;0;0;0;0;0;0;0;0;0;0;0;0;0;0;0;0;0
02:50;0;0;0;0;0;0;0;0;0;0;0;0;0;0;0;0;0;0;0;0;0;0;0;0;0;0;0;0;0
02:45;0;0;0;0;0;0;0;0;0;0;0;0;0;0;0;0;0;0;0;0;0;0;0;0;0;0;0;0;0
02:40;0;0;0;0;0;0;0;0;0;0;0;0;0;0;0;0;0;0;0;0;0;0;0;0;0;0;0;0;0
02:35;0;0;0;0;0;0;0;0;0;0;0;0;0;0;0;0;0;0;0;0;0;0;0;0;0;0;0;0;0
02:30;0;0;0;0;0;0;0;0;0;0;0;0;0;0;0;0;0;0;0;0;0;0;0;0;0;0;0;0;0
02:25;0;0;0;0;0;0;0;0;0;0;0;0;0;0;0;0;0;0;0;0;0;0;0;0;0;0;0;0;0
02:20;0;0;0;0;0;0;0;0;0;0;0;0;0;0;0;0;0;0;0;0;0;0;0;0;0;0;0;0;0
02:15;0;0;0;0;0;0;0;0;0;0;0;0;0;0;0;0;0;0;0;0;0;0;0;0;0;0;0;0;0
02:10;0;0;0;0;0;0;0;0;0;0;0;0;0;0;0;0;0;0;0;0;0;0;0;0;0;0;0;0;0
02:05;0;0;0;0;0;0;0;0;0;0;0;0;0;0;0;0;0;0;0;0;0;0;0;0;0;0;0;0;0
02:00;0;0;0;0;0;0;0;0;0;0;0;0;0;0;0;0;0;0;0;0;0;0;0;0;0;0;0;0;0
01:55;0;0;0;0;0;0;0;0;0;0;0;0;0;0;0;0;0;0;0;0;0;0;0;0;0;0;0;0;0
01:50;0;0;0;0;0;0;0;0;0;0;0;0;0;0;0;0;0;0;0;0;0;0;0;0;0;0;0;0;0
01:45;0;0;0;0;0;0;0;0;0;0;0;0;0;0;0;0;0;0;0;0;0;0;0;0;0;0;0;0;0
01:40;0;0;0;0;0;0;0;0;0;0;0;0;0;0;0;0;0;0;0;0;0;0;0;0;0;0;0;0;0
01:35;0;0;0;0;0;0;0;0;0;0;0;0;0;0;0;0;0;0;0;0;0;0;0;0;0;0;0;0;0
01:30;0;0;0;0;0;0;0;0;0;0;0;0;0;0;0;0;0;0;0;0;0;0;0;0;0;0;0;0;0
01:25;0;0;0;0;0;0;0;0;0;0;0;0;0;0;0;0;0;0;0;0;0;0;0;0;0;0;0;0;0
01:20;0;0;0;0;0;0;0;0;0;0;0;0;0;0;0;0;0;0;0;0;0;0;0;0;0;0;0;0;0
01:15;0;0;0;0;0;0;0;0;0;0;0;0;0;0;0;0;0;0;0;0;0;0;0;0;0;0;0;0;0
01:10;0;0;0;0;0;0;0;0;0;0;0;0;0;0;0;0;0;0;0;0;0;0;0;0;0;0;0;0;0
01:05;0;0;0;0;0;0;0;0;0;0;0;0;0;0;0;0;0;0;0;0;0;0;0;0;0;0;0;0;0
01:00;0;0;0;0;0;0;0;0;0;0;0;0;0;0;0;0;0;0;0;0;0;0;0;0;0;0;0;0;0
00:55;0;0;0;0;0;0;0;0;0;0;0;0;0;0;0;0;0;0;0;0;0;0;0;0;0;0;0;0;0
00:50;0;0;0;0;0;0;0;0;0;0;0;0;0;0;0;0;0;0;0;0;0;0;0;0;0;0;0;0;0
00:45;0;0;0;0;0;0;0;0;0;0;0;0;0;0;0;0;0;0;0;0;0;0;0;0;0;0;0;0;0
00:40;0;0;0;0;0;0;0;0;0;0;0;0;0;0;0;0;0;0;0;0;0;0;0;0;0;0;0;0;0
00:35;0;0;0;0;0;0;0;0;0;0;0;0;0;0;0;0;0;0;0;0;0;0;0;0;0;0;0;0;0
00:30;0;0;0;0;0;0;0;0;0;0;0;0;0;0;0;0;0;0;0;0;0;0;0;0;0;0;0;0;0
00:25;0;0;0;0;0;0;0;0;0;0;0;0;0;0;0;0;0;0;0;0;0;0;0;0;0;0;0;0;0
00:20;0;0;0;0;0;0;0;0;0;0;0;0;0;0;0;0;0;0;0;0;0;0;0;0;0;0;0;0;0
00:15;0;0;0;0;0;0;0;0;0;0;0;0;0;0;0;0;0;0;0;0;0;0;0;0;0;0;0;0;0
00:10;0;0;0;0;0;0;0;0;0;0;0;0;0;0;0;0;0;0;0;0;0;0;0;0;0;0;0;0;0
00:05;0;0;0;0;0;0;0;0;0;0;0;0;0;0;0;0;0;0;0;0;0;0;0;0;0;0;0;0;0
00:00;0;0;0;0;0;0;0;0;0;0;0;0;0;0;0;0;0;0;0;0;0;0;0;0;0;0;0;0;0
