0.0;0.0;0.0;0.0;0.0;0.0;0.0;0.0;0.0;0.0;0.0;0.0;0.0;0.0;0.0;0.0;0.0;0.0;0.0;0.0;0.0;0.0;0.0;0.0;0.0;0.0;0.0;0.0;0.0;0.0;0.0;0.0;0.000330579;0.009752066;0.012561983;0.015041322;0.02231405;0.048595041;0.040165289;0.049090909;0.034876033;0.037355372000000005;0.049256198;0.047438017;0.061652893;0.083140496;0.07289256200000001;0.067438017;0.056859504000000005;0.055867769000000005;0.138677686;0.17322314;0.222644628;0.090909091;0.141652893;0.057355372;0.055702479000000006;0.10396694199999999;0.078016529;0.07685950400000001;0.152066116;0.063471074;0.092892562;0.095206612;0.075206612;0.067933884;0.08611570199999999;0.06446281;0.032727273;0.039338843;0.065950413;0.018347106999999998;0.018842975;0.015867769;0.008760331;0.005785124;0.007438017;0.005785124;0.000661157;0.000330579;0.0;0.0;0.0;0.0;0.0;0.0;0.0;0.0;0.0;0.0;0.0;0.0;0.0;0.0;0.0;0.0
0.0;0.0;0.0;0.0;0.0;0.0;0.0;0.0;0.0;0.0;0.0;0.0;0.0;0.0;0.0;0.0;0.0;0.0;0.0;0.0;0.0;0.0;0.0;0.0;0.0;0.0;0.0;0.0;0.0;0.0;0.001652893;0.005454545;0.02446281;0.04446281;0.06528925599999999;0.05768595;0.049421488;0.078677686;0.073057851;0.08958677699999999;0.1;0.12016528900000001;0.131570248;0.10396694199999999;0.090247934;0.128760331;0.08446281;0.105289256;0.12033057900000001;0.10363636400000001;0.090909091;0.09785124;0.111735537;0.151735537;0.10347107400000001;0.10198347099999999;0.10231405;0.125785124;0.110247934;0.122644628;0.075206612;0.06446281;0.071404959;0.050082645;0.06214876;0.048760331;0.045619835;0.033719007999999995;0.038842975;0.032727273;0.04231405;0.035206612000000005;0.034876033;0.015041322;0.012231405;0.009090909;0.006446281;0.001652893;0.0008264460000000001;0.0;0.0;0.0;0.0;0.0;0.0;0.0;0.0;0.0;0.0;0.0;0.0;0.0;0.0;0.0;0.0;0.0
0.0;0.0;0.0;0.0;0.0;0.0;0.0;0.0;0.0;0.0;0.0;0.0;0.0;0.0;0.0;0.0;0.0;0.0;0.0;0.0;0.0;0.0;0.0;0.0;0.0;0.0;0.0;0.0;0.0;0.0;0.004132231;0.009586777;0.02214876;0.012727273;0.047272727;0.12677686;0.03107438;0.17636363600000002;0.20611570199999998;0.231900826;0.25768595;0.337190083;0.108760331;0.322479339;0.248429752;0.162479339;0.385619835;0.417190083;0.170578512;0.177190083;0.1;0.476859504;0.16677686;0.095041322;0.138842975;0.18826446300000002;0.19851239699999998;0.46446281;0.276198347;0.41074380200000005;0.108099174;0.07719008299999999;0.40793388399999997;0.250578512;0.374876033;0.078512397;0.094214876;0.08446281;0.08743801699999999;0.112066116;0.04528925599999999;0.055206612;0.038347107000000005;0.162479339;0.011239668999999999;0.026280992000000003;0.030578512000000002;0.008099174;0.009917355;0.0;0.0;0.0;0.0;0.0;0.0;0.0;0.0;0.0;0.0;0.0;0.0;0.0;0.0;0.0;0.0;0.0
0.0;0.0;0.0;0.0;0.0;0.0;0.0;0.0;0.0;0.0;0.0;0.0;0.0;0.0;0.0;0.0;0.0;0.0;0.0;0.0;0.0;0.0;0.0;0.0;0.0;0.0;0.0;0.0;0.0;0.0;0.001983471;0.006280991999999999;0.021322314;0.043636364000000004;0.067933884;0.098181818;0.125289256;0.152396694;0.18132231399999998;0.207438017;0.218677686;0.258347107;0.283471074;0.310082645;0.32710743800000003;0.346446281;0.366280992;0.401818182;0.187768595;0.082644628;0.067768595;0.11818181800000001;0.096859504;0.11057851199999999;0.336198347;0.421322314;0.425454545;0.38727272700000004;0.40198347100000004;0.41702479299999995;0.15107438;0.314876033;0.139008264;0.31553719;0.328429752;0.25768595;0.225454545;0.141652893;0.20181818199999998;0.085123967;0.08661157;0.11652892599999999;0.096033058;0.087768595;0.0;0.008099174;0.009586777;0.0;0.0;0.0;0.0;0.0;0.0;0.0;0.0;0.0;0.0;0.0;0.0;0.0;0.0;0.0;0.0;0.0;0.0;0.0
0.0;0.0;0.0;0.0;0.0;0.0;0.0;0.0;0.0;0.0;0.0;0.0;0.0;0.0;0.0;0.0;0.0;0.0;0.0;0.0;0.0;0.0;0.0;0.0;0.0;0.0;0.0;0.0;0.0;0.0;0.0;0.0;0.000991736;0.009586777;0.01107438;0.018016529;0.027438017000000002;0.041818182;0.040991736;0.080165289;0.136859504;0.183305785;0.11933884300000001;0.083636364;0.098842975;0.158512397;0.14429752099999998;0.10628099199999999;0.069421488;0.135867769;0.09702479300000001;0.095206612;0.10661157;0.128099174;0.191570248;0.23966942100000002;0.26214876;0.050082645;0.129917355;0.189917355;0.24694214899999997;0.177190083;0.133884298;0.023471073999999998;0.08611570199999999;0.09619834699999999;0.096694215;0.05338843;0.158181818;0.063305785;0.069256198;0.081157025;0.059338842999999995;0.029421488;0.020165289;0.007438017;0.001983471;0.0;0.0;0.0;0.0;0.0;0.0;0.0;0.0;0.0;0.0;0.0;0.0;0.0;0.0;0.0;0.0;0.0;0.0;0.0
0.0;0.0;0.0;0.0;0.0;0.0;0.0;0.0;0.0;0.0;0.0;0.0;0.0;0.0;0.0;0.0;0.0;0.0;0.0;0.0;0.0;0.0;0.0;0.0;0.0;0.0;0.0;0.0;0.0;0.0;0.0;0.0018181820000000002;0.008429751999999999;0.058016529000000004;0.050909091;0.041322314;0.067438017;0.063305785;0.08231405;0.065950413;0.06446281;0.082975207;0.043966942;0.122479339;0.18;0.090909091;0.040991736;0.082975207;0.243140496;0.343471074;0.46743801700000004;0.14429752099999998;0.170413223;0.47966942100000004;0.296033058;0.43338843;0.5401652889999999;0.621157025;0.107438017;0.076694215;0.047933884;0.134380165;0.180826446;0.36512396700000005;0.19752066100000001;0.13719008300000002;0.0;0.136033058;0.041983470999999994;0.129917355;0.065454545;0.048760331;0.052066115999999996;0.014876033;0.043801652999999996;0.05107438;0.011735536999999999;0.001652893;0.010909091000000001;0.001652893;0.0;0.0;0.0;0.0;0.0;0.0;0.0;0.0;0.0;0.0;0.0;0.0;0.0;0.0;0.0;0.0
0.0;0.0;0.0;0.0;0.0;0.0;0.0;0.0;0.0;0.0;0.0;0.0;0.0;0.0;0.0;0.0;0.0;0.0;0.0;0.0;0.0;0.0;0.0;0.0;0.0;0.0;0.0;0.0;0.0;0.00231405;0.015867769;0.020165289;0.025619835;0.018677686000000002;0.051735537000000005;0.04231405;0.055867769000000005;0.088595041;0.181818182;0.09404958699999999;0.197355372;0.17123966899999998;0.24231405;0.19785124;0.21074380199999998;0.226280992;0.34892562;0.432561983;0.27768595;0.405785124;0.48380165299999994;0.306942149;0.330578512;0.36677686;0.396694215;0.336033058;0.404297521;0.434710744;0.325619835;0.336363636;0.347768595;0.258181818;0.369256198;0.225454545;0.322809917;0.29305785100000004;0.26760330600000004;0.24743801699999998;0.226280992;0.22413223100000002;0.222644628;0.182809917;0.181652893;0.154876033;0.121818182;0.089917355;0.061322314;0.030082645;0.014049586999999999;0.001983471;0.0;0.0;0.0;0.0;0.0;0.0;0.0;0.0;0.0;0.0;0.0;0.0;0.0;0.0;0.0;0.0
0.0;0.0;0.0;0.0;0.0;0.0;0.0;0.0;0.0;0.0;0.0;0.0;0.0;0.0;0.0;0.0;0.0;0.0;0.0;0.0;0.0;0.0;0.0;0.0;0.0;0.0;0.0;0.0;0.0;0.0;0.005123967;0.02214876;0.020495868;0.029090908999999998;0.046446281;0.061818182;0.072231405;0.181818182;0.18231405;0.155371901;0.155371901;0.292561983;0.29636363600000004;0.312396694;0.328264463;0.340165289;0.355867769;0.40297520700000006;0.23553719;0.249256198;0.47603305799999995;0.502479339;0.198181818;0.514545455;0.41074380200000005;0.39818181799999997;0.0;0.0;0.42809917399999997;0.38429752100000003;0.378347107;0.35950413200000003;0.355371901;0.1;0.35950413200000003;0.24892562;0.275041322;0.27719008300000003;0.253057851;0.232727273;0.229917355;0.205619835;0.131239669;0.10644628099999999;0.028595041;0.025123967;0.010909091000000001;0.004793388;0.001157025;0.0;0.0;0.0;0.0;0.0;0.0;0.0;0.0;0.0;0.0;0.0;0.0;0.0;0.0;0.0;0.0;0.0
0.0;0.0;0.0;0.0;0.0;0.0;0.0;0.0;0.0;0.0;0.0;0.0;0.0;0.0;0.0;0.0;0.0;0.0;0.0;0.0;0.0;0.0;0.0;0.0;0.0;0.0;0.0;0.0;0.0;0.0;0.0;0.007438017;0.012231405;0.016528926;0.028264462999999997;0.048099174;0.06214876;0.073884298;0.100330579;0.09933884300000001;0.212561983;0.282644628;0.137024793;0.285619835;0.334049587;0.339669421;0.350247934;0.373553719;0.36942148799999996;0.361983471;0.35636363600000004;0.38280991700000006;0.378347107;0.39355371899999997;0.39818181799999997;0.383636364;0.35785124;0.124132231;0.380991736;0.385950413;0.354214876;0.332561983;0.269256198;0.281157025;0.24644628100000002;0.227438017;0.257190083;0.25338843;0.19752066100000001;0.20247933899999998;0.156694215;0.11603305800000001;0.093719008;0.034049587;0.018677686000000002;0.026115702;0.008429751999999999;0.003966942;0.0;0.0;0.0;0.0;0.0;0.0;0.0;0.0;0.0;0.0;0.0;0.0;0.0;0.0;0.0;0.0;0.0;0.0
0.0;0.0;0.0;0.0;0.0;0.0;0.0;0.0;0.0;0.0;0.0;0.0;0.0;0.0;0.0;0.0;0.0;0.0;0.0;0.0;0.0;0.0;0.0;0.0;0.0;0.0;0.0;0.0;0.0;0.000661157;0.014049586999999999;0.023140496;0.034545455;0.045950412999999996;0.069090909;0.13338843;0.03322314;0.061487602999999995;0.21900826399999998;0.215371901;0.250247934;0.20214876;0.291900826;0.311735537;0.326280992;0.36280991700000004;0.387933884;0.350082645;0.329752066;0.323636364;0.369256198;0.230082645;0.342809917;0.150082645;0.311239669;0.434380165;0.42;0.45057851200000004;0.17322314;0.40198347100000004;0.412231405;0.39338843;0.08892562;0.397024793;0.153057851;0.144793388;0.173553719;0.234049587;0.025123967;0.057355372;0.022975207;0.028429752000000003;0.013719008000000001;0.060495868;0.058677686;0.030082645;0.005289256;0.000495868;0.0;0.0;0.0;0.0;0.0;0.0;0.0;0.0;0.0;0.0;0.0;0.0;0.0;0.0;0.0;0.0;0.0;0.0
0.0;0.0;0.0;0.0;0.0;0.0;0.0;0.0;0.0;0.0;0.0;0.0;0.0;0.0;0.0;0.0;0.0;0.0;0.0;0.0;0.0;0.0;0.0;0.0;0.0;0.0;0.0;0.0;0.0;0.0;0.0;0.007272727;0.018842975;0.025785124;0.027933884;0.062644628;0.042644628;0.143801653;0.167603306;0.19322314;0.21090909100000002;0.238512397;0.26661157;0.286446281;0.316694215;0.298512397;0.332231405;0.334380165;0.35140495899999996;0.36;0.383140496;0.07338843;0.406446281;0.43719008299999995;0.399504132;0.081652893;0.46214876;0.102479339;0.056859504000000005;0.46148760299999997;0.34925619799999996;0.186115702;0.159008264;0.11388429800000001;0.129421488;0.048099174;0.035702479;0.023471073999999998;0.067933884;0.080495868;0.109752066;0.08975206599999999;0.032066116;0.007107438000000001;0.02446281;0.049586777;0.050082645;0.02446281;0.007438017;0.0;0.0;0.0;0.0;0.0;0.0;0.0;0.0;0.0;0.0;0.0;0.0;0.0;0.0;0.0;0.0;0.0
0.0;0.0;0.0;0.0;0.0;0.0;0.0;0.0;0.0;0.0;0.0;0.0;0.0;0.0;0.0;0.0;0.0;0.0;0.0;0.0;0.0;0.0;0.0;0.0;0.0;0.0;0.0;0.0;0.0;0.0;0.0;0.003305785;0.009586777;0.008760331;0.011570248;0.024132231;0.038016529;0.063966942;0.075206612;0.108760331;0.10446281;0.10347107400000001;0.098016529;0.12677686;0.12214876;0.40876033100000003;0.428264463;0.49603305799999997;0.23586776899999998;0.196363636;0.285950413;0.157190083;0.194214876;0.096694215;0.16297520699999998;0.214876033;0.11603305800000001;0.17917355399999998;0.08446281;0.16793388399999998;0.17388429800000002;0.158181818;0.109752066;0.224793388;0.17107438;0.201157025;0.175041322;0.138347107;0.093719008;0.116198347;0.21305785100000002;0.210413223;0.05322314;0.08611570199999999;0.114049587;0.040661157;0.030909091;0.0;0.0;0.0;0.0;0.0;0.0;0.0;0.0;0.0;0.0;0.0;0.0;0.0;0.0;0.0;0.0;0.0;0.0;0.0
0.0;0.0;0.0;0.0;0.0;0.0;0.0;0.0;0.0;0.0;0.0;0.0;0.0;0.0;0.0;0.0;0.0;0.0;0.0;0.0;0.0;0.0;0.0;0.0;0.0;0.0;0.0;0.0;0.0;0.001652893;0.013057851;0.020991736;0.026280992000000003;0.030413223;0.054214875999999995;0.04214876;0.046115702;0.05652892599999999;0.147438017;0.294049587;0.097355372;0.08694214900000001;0.34198347100000004;0.36611570200000004;0.095206612;0.117024793;0.306942149;0.38760330600000004;0.423966942;0.12;0.485289256;0.431570248;0.163140496;0.27966942100000003;0.50231405;0.49768595;0.181487603;0.500495868;0.030743802;0.189917355;0.345619835;0.13570247900000001;0.183966942;0.266446281;0.25768595;0.21421487600000003;0.277520661;0.14677686;0.042975207;0.134545455;0.085785124;0.036528926;0.006280991999999999;0.028595041;0.094545455;0.027438017000000002;0.02446281;0.018512397;0.02231405;0.008099174;0.0;0.0;0.0;0.0;0.0;0.0;0.0;0.0;0.0;0.0;0.0;0.0;0.0;0.0;0.0;0.0
0.0;0.0;0.0;0.0;0.0;0.0;0.0;0.0;0.0;0.0;0.0;0.0;0.0;0.0;0.0;0.0;0.0;0.0;0.0;0.0;0.0;0.0;0.0;0.0;0.0;0.0;0.0;0.0;0.0;0.000661157;0.010082645;0.010909091000000001;0.016694215;0.024793388;0.034710744;0.053057850999999996;0.06462809900000001;0.072231405;0.047933884;0.11768595;0.12148760300000001;0.09619834699999999;0.07785124;0.05785124;0.076694215;0.142479339;0.548099174;0.116198347;0.138181818;0.19553719;0.159173554;0.10198347099999999;0.117355372;0.159173554;0.18495867800000002;0.194049587;0.108264463;0.161487603;0.20033057899999998;0.223305785;0.13933884300000002;0.157520661;0.227438017;0.44016528899999996;0.14148760300000002;0.18132231399999998;0.124793388;0.14231405;0.29140495899999996;0.062479339;0.219504132;0.192066116;0.125454545;0.06677686;0.04528925599999999;0.047438017;0.016033058;0.009752066;0.012892562;0.003471074;0.0;0.0;0.0;0.0;0.0;0.0;0.0;0.0;0.0;0.0;0.0;0.0;0.0;0.0;0.0;0.0
0.0;0.0;0.0;0.0;0.0;0.0;0.0;0.0;0.0;0.0;0.0;0.0;0.0;0.0;0.0;0.0;0.0;0.0;0.0;0.0;0.0;0.0;0.0;0.0;0.0;0.0;0.0;0.0;0.000661157;0.0042975209999999995;0.008099174;0.025454545;0.047272727;0.069586777;0.10066115699999999;0.13421487599999998;0.154545455;0.180495868;0.210413223;0.22909090899999998;0.253553719;0.286942149;0.310743802;0.324628099;0.34925619799999996;0.351570248;0.396198347;0.41206611600000004;0.099173554;0.426280992;0.41933884299999996;0.418677686;0.42909090899999996;0.445619835;0.434049587;0.42181818200000004;0.46;0.44446281;0.174049587;0.41570247899999996;0.4;0.358677686;0.365454545;0.05652892599999999;0.36;0.290082645;0.072231405;0.07768595;0.249917355;0.236198347;0.19041322300000002;0.035867769;0.12628099199999998;0.096694215;0.06661157;0.038016529;0.021983471;0.009090909;0.006280991999999999;0.0028099170000000003;0.0;0.0;0.0;0.0;0.0;0.0;0.0;0.0;0.0;0.0;0.0;0.0;0.0;0.0;0.0;0.0
0.0;0.0;0.0;0.0;0.0;0.0;0.0;0.0;0.0;0.0;0.0;0.0;0.0;0.0;0.0;0.0;0.0;0.0;0.0;0.0;0.0;0.0;0.0;0.0;0.0;0.0;0.0;0.0;0.001983471;0.003966942;0.008595041;0.027933884;0.034380165;0.070578512;0.096694215;0.114545455;0.155702479;0.170413223;0.063636364;0.242809917;0.285123967;0.279338843;0.300661157;0.313884298;0.331570248;0.256694215;0.360330579;0.359669421;0.36958677700000003;0.399008264;0.417190083;0.41206611600000004;0.10165289300000001;0.46066115700000004;0.038347107000000005;0.159338843;0.48264462799999996;0.17388429800000002;0.389256198;0.283966942;0.117024793;0.096694215;0.098181818;0.133884298;0.131239669;0.116694215;0.10595041300000001;0.058842975;0.065619835;0.228264463;0.017190083000000002;0.151900826;0.117355372;0.090909091;0.062975207;0.01107438;0.020991736;0.010082645;0.006942149;0.003471074;0.0;0.0;0.0;0.0;0.0;0.0;0.0;0.0;0.0;0.0;0.0;0.0;0.0;0.0;0.0;0.0
0.0;0.0;0.0;0.0;0.0;0.0;0.0;0.0;0.0;0.0;0.0;0.0;0.0;0.0;0.0;0.0;0.0;0.0;0.0;0.0;0.0;0.0;0.0;0.0;0.0;0.0;0.0;0.0;0.0;0.0;0.003471074;0.009256198;0.013719008000000001;0.026115702;0.03338843;0.078512397;0.18;0.153884298;0.095371901;0.16677686;0.083636364;0.28198347100000004;0.350082645;0.169256198;0.342809917;0.34595041299999996;0.36644628100000004;0.363471074;0.371239669;0.38148760299999995;0.382479339;0.38677686;0.386446281;0.38297520700000004;0.381983471;0.385950413;0.36958677700000003;0.36446281;0.361322314;0.360661157;0.35371900799999995;0.324628099;0.312892562;0.31553719;0.320826446;0.28214876;0.187768595;0.10942148800000001;0.119669421;0.090909091;0.043471074000000005;0.030743802;0.02;0.016528926;0.010082645;0.007438017;0.008099174;0.002975207;0.000661157;0.0;0.0;0.0;0.0;0.0;0.0;0.0;0.0;0.0;0.0;0.0;0.0;0.0;0.0;0.0;0.0;0.0
0.0;0.0;0.0;0.0;0.0;0.0;0.0;0.0;0.0;0.0;0.0;0.0;0.0;0.0;0.0;0.0;0.0;0.0;0.0;0.0;0.0;0.0;0.0;0.0;0.0;0.0;0.0;0.0;0.002479339;0.007933884;0.025619835;0.008595041;0.011570248;0.018677686000000002;0.058677686;0.07752066099999999;0.09272727300000001;0.142479339;0.045619835;0.046115702;0.083636364;0.129586777;0.130413223;0.093057851;0.142644628;0.063636364;0.163966942;0.030578512000000002;0.077355372;0.11388429800000001;0.19553719;0.096859504;0.047603306;0.566942149;0.22297520699999998;0.09768595;0.470413223;0.183140496;0.395206612;0.185289256;0.180661157;0.198842975;0.40231405;0.379834711;0.170909091;0.074876033;0.09173553699999999;0.17272727300000001;0.287603306;0.132727273;0.250082645;0.070413223;0.04;0.071570248;0.052231405;0.036859504;0.037190083;0.0;0.0008264460000000001;0.003305785;0.0;0.0;0.0;0.0;0.0;0.0;0.0;0.0;0.0;0.0;0.0;0.0;0.0;0.0;0.0;0.0
0.0;0.0;0.0;0.0;0.0;0.0;0.0;0.0;0.0;0.0;0.0;0.0;0.0;0.0;0.0;0.0;0.0;0.0;0.0;0.0;0.0;0.0;0.0;0.0;0.0;0.0;0.0;0.0;0.0;0.00231405;0.004958678;0.02446281;0.050082645;0.07752066099999999;0.10628099199999999;0.139669421;0.167438017;0.19785124;0.228099174;0.24826446300000002;0.27537190100000003;0.30297520699999997;0.325454545;0.34231405;0.35520661200000003;0.364958678;0.37702479299999997;0.380661157;0.389256198;0.394710744;0.399834711;0.39867768600000003;0.401157025;0.400826446;0.39289256200000006;0.395867769;0.395371901;0.385785124;0.081652893;0.40214876;0.375702479;0.35107438;0.280826446;0.336859504;0.327272727;0.295041322;0.270082645;0.247272727;0.23520661199999998;0.199669421;0.176198347;0.149586777;0.121983471;0.095206612;0.068099174;0.042809917;0.023966942;0.012066116000000002;0.007438017;0.003801653;0.0;0.0;0.0;0.0;0.0;0.0;0.0;0.0;0.0;0.0;0.0;0.0;0.0;0.0;0.0;0.0
0.0;0.0;0.0;0.0;0.0;0.0;0.0;0.0;0.0;0.0;0.0;0.0;0.0;0.0;0.0;0.0;0.0;0.0;0.0;0.0;0.0;0.0;0.0;0.0;0.0;0.0;0.0;0.0;0.0008264460000000001;0.003966942;0.011900826000000002;0.040165289;0.041652892999999996;0.08479338800000001;0.112231405;0.143966942;0.168264463;0.192066116;0.149090909;0.259008264;0.25107438;0.292396694;0.339173554;0.349917355;0.35603305799999996;0.374876033;0.383636364;0.38628099200000005;0.392231405;0.27322314;0.411900826;0.40595041299999995;0.42181818200000004;0.43338843;0.435041322;0.48231405;0.46198347100000003;0.412231405;0.39768595;0.38694214899999996;0.117355372;0.36611570200000004;0.055867769000000005;0.07289256200000001;0.082809917;0.328429752;0.07289256200000001;0.058016529000000004;0.061322314;0.213884298;0.176198347;0.15338843;0.14892562;0.11834710699999999;0.076694215;0.027438017000000002;0.034049587;0.018016529;0.013553718999999999;0.007768595;0.0;0.0;0.0;0.0;0.0;0.0;0.0;0.0;0.0;0.0;0.0;0.0;0.0;0.0;0.0;0.0
0.0;0.0;0.0;0.0;0.0;0.0;0.0;0.0;0.0;0.0;0.0;0.0;0.0;0.0;0.0;0.0;0.0;0.0;0.0;0.0;0.0;0.0;0.0;0.0;0.0;0.0;0.0;0.0;0.0;0.0028099170000000003;0.006446281;0.020165289;0.042809917;0.06661157;0.095371901;0.124297521;0.054380165;0.132231405;0.071900826;0.27107438;0.302644628;0.326280992;0.36;0.35504132200000005;0.319834711;0.424297521;0.395867769;0.375702479;0.37785124;0.38429752100000003;0.38495867799999994;0.39404958700000003;0.44049586799999996;0.13107438;0.11553719;0.12;0.420495868;0.08479338800000001;0.10595041300000001;0.300991736;0.37388429799999995;0.347768595;0.098181818;0.09140495900000001;0.334876033;0.106942149;0.28;0.17322314;0.230743802;0.19719008300000002;0.186115702;0.09404958699999999;0.130909091;0.109586777;0.041818182;0.02231405;0.020661157;0.019008264;0.001322314;0.0;0.0;0.0;0.0;0.0;0.0;0.0;0.0;0.0;0.0;0.0;0.0;0.0;0.0;0.0;0.0;0.0
0.0;0.0;0.0;0.0;0.0;0.0;0.0;0.0;0.0;0.0;0.0;0.0;0.0;0.0;0.0;0.0;0.0;0.0;0.0;0.0;0.0;0.0;0.0;0.0;0.0;0.0;0.0;0.0;0.0;0.003471074;0.007272727;0.019008264;0.040661157;0.064132231;0.10165289300000001;0.116694215;0.147603306;0.17636363600000002;0.203636364;0.224628099;0.251900826;0.27867768600000004;0.298512397;0.312231405;0.325619835;0.339669421;0.34793388399999997;0.36264462799999997;0.371404959;0.387933884;0.396859504;0.083471074;0.423636364;0.39057851200000004;0.39289256200000006;0.395371901;0.39834710700000003;0.400165289;0.385454545;0.398842975;0.12842975199999998;0.34;0.346446281;0.330578512;0.047272727;0.305454545;0.260330579;0.136694215;0.056033058;0.21090909100000002;0.177190083;0.139669421;0.118842975;0.096363636;0.049421488;0.032066116;0.044297521;0.031404958999999996;0.01322314;0.005454545;0.0;0.0;0.0;0.0;0.0;0.0;0.0;0.0;0.0;0.0;0.0;0.0;0.0;0.0;0.0;0.0
0.0;0.0;0.0;0.0;0.0;0.0;0.0;0.0;0.0;0.0;0.0;0.0;0.0;0.0;0.0;0.0;0.0;0.0;0.0;0.0;0.0;0.0;0.0;0.0;0.0;0.0;0.0;0.0;0.000661157;0.0042975209999999995;0.007768595;0.025289256;0.042644628;0.06677686;0.08925619800000001;0.11851239699999999;0.147768595;0.17471074399999997;0.20148760300000002;0.227603306;0.25107438;0.28231405;0.298842975;0.31603305800000003;0.32710743800000003;0.338016529;0.351239669;0.363305785;0.366942149;0.37586776899999996;0.38479338799999996;0.402479339;0.112066116;0.09487603300000001;0.448099174;0.227438017;0.11520661199999999;0.40446281;0.09338843;0.072066116;0.091570248;0.15289256199999998;0.20462809899999998;0.026446281000000002;0.012396694;0.010743802;0.00677686;0.006280991999999999;0.008595041;0.018347106999999998;0.023471073999999998;0.034876033;0.069586777;0.05355371900000001;0.050909091;0.033057851;0.020495868;0.025289256;0.010743802;0.0036363640000000004;0.0;0.0;0.0;0.0;0.0;0.0;0.0;0.0;0.0;0.0;0.0;0.0;0.0;0.0;0.0;0.0
0.0;0.0;0.0;0.0;0.0;0.0;0.0;0.0;0.0;0.0;0.0;0.0;0.0;0.0;0.0;0.0;0.0;0.0;0.0;0.0;0.0;0.0;0.0;0.0;0.0;0.0;0.0;0.0;0.0;0.0;0.003305785;0.006446281;0.027933884;0.047603306;0.07553719;0.100991736;0.132396694;0.154545455;0.181652893;0.209586777;0.230413223;0.255371901;0.283471074;0.300165289;0.314876033;0.340165289;0.34892562;0.360991736;0.36413223100000003;0.364958678;0.383305785;0.412231405;0.20677686;0.39818181799999997;0.403305785;0.371404959;0.21619834699999999;0.41074380200000005;0.085454545;0.085454545;0.39504132200000003;0.196859504;0.353553719;0.071570248;0.323140496;0.290578512;0.25735537199999997;0.23768595;0.21090909100000002;0.023305785;0.160330579;0.137024793;0.110082645;0.082809917;0.062479339;0.038347107000000005;0.02231405;0.007768595;0.005950413000000001;0.0031404959999999996;0.0;0.0;0.0;0.0;0.0;0.0;0.0;0.0;0.0;0.0;0.0;0.0;0.0;0.0;0.0;0.0
0.0;0.0;0.0;0.0;0.0;0.0;0.0;0.0;0.0;0.0;0.0;0.0;0.0;0.0;0.0;0.0;0.0;0.0;0.0;0.0;0.0;0.0;0.0;0.0;0.0;0.0;0.0;0.0;0.0;0.0;0.0;0.0;0.0;0.0;0.0;0.000330579;0.003966942;0.007768595;0.022479338999999997;0.042975207;0.063801653;0.092892562;0.123966942;0.146115702;0.17471074399999997;0.20231405;0.219669421;0.250082645;0.276859504;0.294380165;0.401157025;0.179834711;0.096528926;0.10347107400000001;0.410247934;0.071900826;0.39404958700000003;0.099173554;0.401157025;0.136033058;0.13338843;0.385123967;0.133884298;0.13107438;0.355371901;0.267438017;0.25685950399999996;0.137520661;0.06495867799999999;0.046280992;0.031239668999999998;0.027933884;0.025785124;0.02661157;0.032892562;0.033719007999999995;0.030413223;0.020165289;0.011570248;0.007933884;0.0;0.0;0.0;0.0;0.0;0.0;0.0;0.0;0.0;0.0;0.0;0.0;0.0;0.0;0.0;0.0
0.0;0.0;0.0;0.0;0.0;0.0;0.0;0.0;0.0;0.0;0.0;0.0;0.0;0.0;0.0;0.0;0.0;0.0;0.0;0.0;0.0;0.0;0.0;0.0;0.0;0.0;0.0;0.0;0.0;0.005454545;0.012231405;0.018677686000000002;0.02231405;0.063471074;0.08710743800000001;0.10661157;0.13768595;0.166115702;0.197024793;0.21471074399999998;0.238512397;0.269090909;0.287272727;0.3;0.317190083;0.326446281;0.34495867799999996;0.345619835;0.350247934;0.336033058;0.394380165;0.38;0.38677686;0.367768595;0.22297520699999998;0.059173554;0.40595041299999995;0.0;0.0;0.350578512;0.36677686;0.088760331;0.094710744;0.068429752;0.036363636;0.047603306;0.027603306;0.054049587;0.04528925599999999;0.024628099;0.016859503999999997;0.021983471;0.020991736;0.032561982999999996;0.035867769;0.02661157;0.013553718999999999;0.007768595;0.000330579;0.0;0.0;0.0;0.0;0.0;0.0;0.0;0.0;0.0;0.0;0.0;0.0;0.0;0.0;0.0;0.0;0.0
0.0;0.0;0.0;0.0;0.0;0.0;0.0;0.0;0.0;0.0;0.0;0.0;0.0;0.0;0.0;0.0;0.0;0.0;0.0;0.0;0.0;0.0;0.0;0.0;0.0;0.0;0.0;0.0;0.0031404959999999996;0.015206612;0.033719007999999995;0.029421488;0.045785124;0.04892562;0.052396694;0.041157025;0.125619835;0.164628099;0.193719008;0.21834710699999998;0.24644628100000002;0.272066116;0.285950413;0.300165289;0.322809917;0.339504132;0.34462809899999997;0.353553719;0.36231405;0.37371900799999996;0.38049586799999996;0.38446281;0.386115702;0.38214876;0.38380165299999996;0.42;0.09173553699999999;0.11388429800000001;0.070909091;0.141983471;0.395206612;0.269917355;0.382644628;0.323140496;0.08975206599999999;0.309256198;0.277024793;0.23553719;0.12677686;0.205454545;0.18644628100000002;0.18;0.13107438;0.052892562000000004;0.054876033;0.017024793;0.023636364;0.014380165;0.006280991999999999;0.0042975209999999995;0.0;0.0;0.0;0.0;0.0;0.0;0.0;0.0;0.0;0.0;0.0;0.0;0.0;0.0;0.0;0.0
0.0;0.0;0.0;0.0;0.0;0.0;0.0;0.0;0.0;0.0;0.0;0.0;0.0;0.0;0.0;0.0;0.0;0.0;0.0;0.0;0.0;0.0;0.0;0.0;0.0;0.0;0.0;0.0;0.0;0.0;0.0;0.002644628;0.007438017;0.016363636;0.029421488;0.02677686;0.014214876000000001;0.0031404959999999996;0.007272727;0.015867769;0.045123967;0.078842975;0.11520661199999999;0.29570247899999996;0.19107438;0.29553719;0.162809917;0.20132231399999997;0.336033058;0.424132231;0.310082645;0.402479339;0.261983471;0.32743801699999997;0.19851239699999998;0.183305785;0.20132231399999997;0.425619835;0.405785124;0.310082645;0.37719008299999995;0.068099174;0.338512397;0.298842975;0.289090909;0.27123966899999996;0.251900826;0.23057851199999999;0.212231405;0.190082645;0.170413223;0.14677686;0.121157025;0.093057851;0.066942149;0.040826446;0.02231405;0.012561983;0.011239668999999999;0.006115702;0.0;0.0;0.0;0.0;0.0;0.0;0.0;0.0;0.0;0.0;0.0;0.0;0.0;0.0;0.0;0.0
0.0;0.0;0.0;0.0;0.0;0.0;0.0;0.0;0.0;0.0;0.0;0.0;0.0;0.0;0.0;0.0;0.0;0.0;0.0;0.0;0.0;0.0;0.0;0.0;0.0;0.0;0.0;0.0;0.0;0.0018181820000000002;0.012727273;0.025123967;0.03322314;0.039504132000000004;0.045950412999999996;0.056033058;0.069090909;0.058677686;0.057355372;0.052066115999999996;0.080991736;0.11338843;0.119008264;0.130743802;0.218842975;0.164793388;0.194545455;0.195867769;0.178512397;0.188760331;0.17917355399999998;0.25272727300000003;0.18347107399999998;0.28677686;0.312396694;0.300826446;0.23603305800000002;0.27553719;0.19983471100000003;0.279338843;0.218181818;0.223305785;0.217520661;0.17206611600000002;0.20132231399999997;0.240330579;0.242644628;0.230743802;0.21619834699999999;0.195206612;0.15867768599999998;0.140330579;0.111900826;0.08611570199999999;0.070578512;0.04892562;0.035702479;0.02661157;0.018842975;0.009421488;0.0;0.0;0.0;0.0;0.0;0.0;0.0;0.0;0.0;0.0;0.0;0.0;0.0;0.0;0.0;0.0
