0.0;0.0;0.0;0.0;0.0;0.0;0.0;0.0;0.0;0.0;0.0;0.0;0.0;0.0;0.0;0.0;0.0;0.0;0.0;0.0;0.0;0.0;0.0;0.0;0.0;0.0;0.0;0.0;0.0;0.0;0.0008539944903581268;0.001790633608815427;0.006501377410468319;0.01787878787878788;0.0218732782369146;0.03245179063360882;0.044022038567493114;0.06460055096418733;0.061763085399449046;0.06809917355371901;0.060358126721763085;0.08465564738292013;0.07771349862258953;0.12776859504132232;0.08942148760330577;0.0993388429752066;0.10663911845730029;0.2068870523415978;0.08165289256198346;0.13289256198347107;0.2550964187327824;0.3651790633608815;0.2268595041322314;0.17016528925619837;0.16052341597796144;0.10418732782369146;0.1458953168044077;0.12421487603305785;0.11446280991735536;0.19644628099173556;0.146198347107438;0.1340495867768595;0.1490358126721763;0.12013774104683195;0.09911845730027548;0.11242424242424243;0.14454545454545456;0.06509641873278237;0.051570247933884296;0.05881542699724518;0.06550964187327823;0.029559228650137742;0.02553719008264463;0.01856749311294766;0.01440771349862259;0.01022038567493113;0.01090909090909091;0.0058677685950413215;0.0039118457300275486;0.0019283746556473828;0.0;0.0;0.0;0.0;0.0;0.0;0.0;0.0;0.0;0.0;0.0;0.0;0.0;0.0;0.0;0.0
0.0;0.0;0.0;0.0;0.0;0.0;0.0;0.0;0.0;0.0;0.0;0.0;0.0;0.0;0.0;0.0;0.0;0.0;0.0;0.0;0.0;0.0;0.0;0.0;0.0;0.0;5.509641873278237e-05;0.0;0.0;0.0001377410468319559;0.005344352617079891;0.019421487603305785;0.05134986225895317;0.07429752066115702;0.07818181818181819;0.08228650137741046;0.07826446280991736;0.11347107438016528;0.11831955922865013;0.14440771349862258;0.1499724517906336;0.19972451790633608;0.19289256198347107;0.1475206611570248;0.15776859504132232;0.17305785123966944;0.1653719008264463;0.18457300275482091;0.1934159779614325;0.14352617079889807;0.13823691460055096;0.1499724517906336;0.18848484848484848;0.19760330578512397;0.16176308539944903;0.13038567493112949;0.15358126721763085;0.17107438016528928;0.14966942148760332;0.13865013774104684;0.10484848484848486;0.10559228650137742;0.10738292011019285;0.09016528925619834;0.0815426997245179;0.08;0.059256198347107436;0.057961432506887046;0.05834710743801653;0.047520661157024795;0.05457300275482094;0.04352617079889807;0.04201101928374656;0.027327823691460057;0.018044077134986226;0.017024793388429754;0.007823691460055097;0.004269972451790634;0.0034159779614325067;0.0011019283746556473;0.0;0.0;0.0;0.0;0.0;0.0;0.0;0.0;0.0;0.0;0.0;0.0;0.0;0.0;0.0;0.0
0.0;0.0;0.0;0.0;0.0;0.0;0.0;0.0;0.0;0.0;0.0;0.0;0.0;0.0;0.0;0.0;0.0;0.0;0.0;0.0;0.0;0.0;0.0;0.0;0.0;0.0;0.0;0.0;0.0004132231404958678;0.002975206611570248;0.010027548209366391;0.028209366391184574;0.029366391184573005;0.050055096418732785;0.10123966942148761;0.15424242424242424;0.15110192837465564;0.2511570247933885;0.29490358126721766;0.33829201101928374;0.3418181818181818;0.3145179063360881;0.3578512396694215;0.46685950413223143;0.285564738292011;0.34388429752066113;0.558457300275482;0.48000000000000004;0.2390358126721763;0.20515151515151517;0.20953168044077133;0.5467217630853994;0.520633608815427;0.3837190082644628;0.22614325068870522;0.3029752066115703;0.39140495867768593;0.382534435261708;0.5416804407713499;0.32352617079889806;0.30319559228650134;0.3462258953168044;0.31264462809917354;0.38349862258953166;0.2492837465564738;0.27454545454545454;0.25413223140495866;0.14396694214876032;0.1225068870523416;0.11482093663911845;0.07460055096418733;0.06578512396694215;0.08699724517906336;0.15391184573002756;0.021101928374655646;0.04584022038567493;0.04013774104683195;0.007851239669421488;0.007575757575757576;0.00011019283746556474;0.0;0.0;0.0;0.0;0.0;0.0;0.0;0.0;0.0;0.0;0.0;0.0;0.0;0.0;0.0;0.0
0.0;0.0;0.0;0.0;0.0;0.0;0.0;0.0;0.0;0.0;0.0;0.0;0.0;0.0;0.0;0.0;0.0;0.0;0.0;0.0;0.0;0.0;0.0;0.0;0.0;0.0;0.0;0.0;0.0;0.0028650137741046827;0.006253443526170799;0.01184573002754821;0.025647382920110193;0.04449035812672176;0.07245179063360882;0.10892561983471076;0.1633608815426997;0.2142699724517906;0.26146005509641873;0.3014325068870523;0.3324793388429752;0.37548209366391183;0.33683195592286497;0.44019283746556476;0.46944903581267217;0.513168044077135;0.49079889807162536;0.5857300275482094;0.3404407713498623;0.0971625344352617;0.11055096418732784;0.37303030303030305;0.19542699724517906;0.1568595041322314;0.3051515151515152;0.44614325068870525;0.31093663911845726;0.5253443526170799;0.5502479338842975;0.5156749311294765;0.312396694214876;0.3339944903581267;0.3208539944903581;0.4830303030303031;0.25068870523415976;0.3782920110192837;0.2977134986225895;0.21082644628099176;0.19898071625344352;0.12749311294765842;0.1440220385674931;0.16578512396694214;0.13639118457300278;0.07330578512396695;0.00418732782369146;0.02179063360881543;0.010578512396694216;0.0014049586776859503;0.0;0.0;0.0;0.0;0.0;0.0;0.0;0.0;0.0;0.0;0.0;0.0;0.0;0.0;0.0;0.0;0.0;0.0
0.0;0.0;0.0;0.0;0.0;0.0;0.0;0.0;0.0;0.0;0.0;0.0;0.0;0.0;0.0;0.0;0.0;0.0;0.0;0.0;0.0;0.0;0.0;0.0;0.0;0.0;0.0;0.0;0.0;0.0;0.0;0.0011845730027548209;0.012837465564738292;0.021983471074380163;0.022699724517906337;0.03746556473829201;0.0603030303030303;0.0669146005509642;0.08137741046831955;0.15820936639118457;0.2478787878787879;0.18807162534435262;0.15881542699724516;0.19022038567493113;0.15730027548209366;0.16942148760330578;0.15950413223140497;0.17325068870523416;0.18151515151515152;0.1650137741046832;0.1260055096418733;0.2269972451790634;0.18796143250688704;0.19556473829201101;0.31330578512396695;0.4497796143250688;0.1252892561983471;0.23639118457300276;0.251900826446281;0.24176308539944902;0.2634710743801653;0.19344352617079894;0.08190082644628098;0.09349862258953168;0.10493112947658402;0.143168044077135;0.13790633608815428;0.28942148760330577;0.14520661157024795;0.11165289256198348;0.10881542699724518;0.101267217630854;0.06768595041322313;0.033195592286501374;0.017024793388429754;0.00628099173553719;0.0009366391184573002;0.0006060606060606061;0.0;0.0;0.0;0.0;0.0;0.0;0.0;0.0;0.0;0.0;0.0;0.0;0.0;0.0;0.0;0.0;0.0;0.0
0.0;0.0;0.0;0.0;0.0;0.0;0.0;0.0;0.0;0.0;0.0;0.0;0.0;0.0;0.0;0.0;0.0;0.0;0.0;0.0;0.0;0.0;0.0;0.0;0.0;0.0;0.0;0.0;0.0;0.0008264462809917356;0.006198347107438017;0.007630853994490358;0.06837465564738292;0.08253443526170799;0.05231404958677686;0.078732782369146;0.08831955922865013;0.12746556473829201;0.10079889807162534;0.09611570247933883;0.1115426997245179;0.07391184573002756;0.1287052341597796;0.24107438016528926;0.20206611570247934;0.07168044077134987;0.08096418732782369;0.2077685950413223;0.43853994490358134;0.48426997245179065;0.4220385674931129;0.33498622589531685;0.5007713498622589;0.6694765840220386;0.5827823691460056;0.609862258953168;0.5851515151515151;0.27038567493112947;0.16933884297520663;0.10454545454545455;0.15793388429752067;0.2228650137741047;0.6534710743801653;0.24159779614325072;0.18289256198347106;0.14853994490358127;0.12630853994490357;0.1162534435261708;0.12652892561983473;0.08719008264462809;0.06754820936639118;0.0793939393939394;0.026804407713498624;0.041294765840220383;0.07862258953168044;0.03418732782369146;0.008154269972451791;0.011074380165289256;0.00790633608815427;0.0015151515151515152;0.0;0.0;0.0;0.0;0.0;0.0;0.0;0.0;0.0;0.0;0.0;0.0;0.0;0.0;0.0;0.0
0.0;0.0;0.0;0.0;0.0;0.0;0.0;0.0;0.0;0.0;0.0;0.0;0.0;0.0;0.0;0.0;0.0;0.0;0.0;0.0;0.0;0.0;0.0;0.0;0.0;0.0;0.0;0.0;0.0033333333333333335;0.007520661157024794;0.027906336088154265;0.03214876033057851;0.03707988980716253;0.0453168044077135;0.08168044077134985;0.07016528925619835;0.07818181818181819;0.17253443526170797;0.23674931129476584;0.18068870523415978;0.2664462809917355;0.2512396694214876;0.3873553719008265;0.26950413223140496;0.35884297520661157;0.4083471074380165;0.48421487603305785;0.5096694214876033;0.5284573002754821;0.5593939393939394;0.5570798898071625;0.48853994490358127;0.5270247933884298;0.4746831955922865;0.5154820936639118;0.5496143250688705;0.6325895316804407;0.5782369146005509;0.5323691460055097;0.5577410468319558;0.5557851239669421;0.4545454545454546;0.4536914600550965;0.3936639118457301;0.48305785123966943;0.4228099173553719;0.39008264462809916;0.358236914600551;0.3291184573002755;0.3179063360881543;0.26176308539944904;0.21898071625344354;0.20641873278236914;0.16581267217630855;0.13947658402203858;0.10184573002754821;0.06889807162534435;0.039338842975206616;0.014958677685950411;0.0033608815426997246;0.0;0.0;0.0;0.0;0.0;0.0;0.0;0.0;0.0;0.0;0.0;0.0;0.0;0.0;0.0;0.0
0.0;0.0;0.0;0.0;0.0;0.0;0.0;0.0;0.0;0.0;0.0;0.0;0.0;0.0;0.0;0.0;0.0;0.0;0.0;0.0;0.0;0.0;0.0;0.0;0.0;0.0;0.0;0.0;0.0006336088154269972;0.005895316804407714;0.02349862258953168;0.03151515151515152;0.0424793388429752;0.06088154269972452;0.08377410468319561;0.10966942148760332;0.15355371900826445;0.28490358126721765;0.23044077134986227;0.3316253443526171;0.3806887052341598;0.41391184573002754;0.43418732782369146;0.4652617079889807;0.4866942148760331;0.5171349862258953;0.5520936639118458;0.37349862258953165;0.3515702479338843;0.6073829201101928;0.7402203856749311;0.3559228650137742;0.43242424242424243;0.6230578512396695;0.5938842975206611;0.3909917355371901;0.0;0.32820936639118453;0.5887878787878787;0.5751515151515152;0.46944903581267217;0.5404132231404959;0.40595041322314046;0.42909090909090913;0.48779614325068876;0.4062534435261708;0.40371900826446283;0.370633608815427;0.3581542699724518;0.2809090909090909;0.27168044077134984;0.21512396694214878;0.12603305785123967;0.06134986225895317;0.04831955922865013;0.021294765840220387;0.011652892561983472;0.005509641873278237;0.001487603305785124;0.00044077134986225897;0.0;0.0;0.0;0.0;0.0;0.0;0.0;0.0;0.0;0.0;0.0;0.0;0.0;0.0;0.0;0.0
0.0;0.0;0.0;0.0;0.0;0.0;0.0;0.0;0.0;0.0;0.0;0.0;0.0;0.0;0.0;0.0;0.0;0.0;0.0;0.0;0.0;0.0;0.0;0.0;0.0;0.0;0.0;0.0;0.0;0.0009366391184573004;0.009696969696969697;0.013829201101928375;0.02542699724517906;0.04090909090909091;0.06724517906336087;0.08570247933884297;0.10743801652892561;0.1346831955922865;0.14242424242424243;0.21812672176308542;0.2598898071625344;0.29650137741046834;0.37432506887052347;0.3279063360881543;0.48426997245179065;0.5190082644628099;0.5435537190082644;0.5414600550964187;0.5369421487603305;0.4880165289256198;0.5692011019283747;0.5726997245179063;0.581542699724518;0.5706611570247934;0.5937465564738292;0.4545454545454546;0.4574931129476583;0.46564738292011015;0.4507713498622589;0.5396694214876033;0.498099173553719;0.429090909090909;0.4024242424242424;0.389862258953168;0.33600550964187326;0.3609641873278237;0.3651790633608816;0.3117079889807162;0.29484848484848486;0.25410468319559226;0.20454545454545456;0.13176308539944903;0.07727272727272727;0.03710743801652893;0.028732782369146004;0.02096418732782369;0.012837465564738295;0.002396694214876033;0.001900826446280992;0.00016528925619834712;0.0;0.0;0.0;0.0;0.0;0.0;0.0;0.0;0.0;0.0;0.0;0.0;0.0;0.0;0.0;0.0
0.0;0.0;0.0;0.0;0.0;0.0;0.0;0.0;0.0;0.0;0.0;0.0;0.0;0.0;0.0;0.0;0.0;0.0;0.0;0.0;0.0;0.0;0.0;0.0;0.0;0.0;0.0;0.0;0.0007713498622589532;0.007796143250688704;0.02823691460055096;0.04578512396694215;0.05190082644628099;0.0831404958677686;0.11702479338842975;0.13209366391184574;0.06809917355371901;0.1518457300275482;0.2938842975206612;0.3161707988980716;0.3185674931129477;0.3931404958677686;0.41652892561983473;0.45983471074380167;0.4635812672176309;0.5177961432506887;0.4491184573002755;0.49465564738292017;0.4301652892561983;0.500909090909091;0.44862258953168044;0.4192561983471075;0.3165564738292011;0.43730027548209366;0.5418732782369146;0.5144077134986226;0.4764462809917356;0.34801652892561985;0.5704683195592287;0.45705234159779623;0.5466115702479338;0.21647382920110195;0.34763085399449034;0.35176308539944906;0.401763085399449;0.2571625344352617;0.3425619834710744;0.14743801652892563;0.05201101928374655;0.1634159779614325;0.054738292011019284;0.026336088154269976;0.043939393939393945;0.10630853994490358;0.06765840220385676;0.034765840220385674;0.007493112947658402;0.003691460055096419;0.0;0.0;0.0;0.0;0.0;0.0;0.0;0.0;0.0;0.0;0.0;0.0;0.0;0.0;0.0;0.0;0.0;0.0
0.0;0.0;0.0;0.0;0.0;0.0;0.0;0.0;0.0;0.0;0.0;0.0;0.0;0.0;0.0;0.0;0.0;0.0;0.0;0.0;0.0;0.0;0.0;0.0;0.0;0.0;0.0;0.0;0.0;0.0004958677685950413;0.003443526170798898;0.01994490358126722;0.03724517906336088;0.04146005509641873;0.05173553719008265;0.08804407713498623;0.10165289256198347;0.19305785123966943;0.23424242424242425;0.273030303030303;0.3106887052341598;0.348595041322314;0.383801652892562;0.41528925619834717;0.4635812672176309;0.40548209366391186;0.48231404958677687;0.4965289256198347;0.5248209366391184;0.5390633608815426;0.5751515151515152;0.4505785123966943;0.49845730027548213;0.6267768595041323;0.4349862258953168;0.32438016528925623;0.5192561983471075;0.4932231404958678;0.14931129476584024;0.547603305785124;0.3909090909090909;0.22289256198347107;0.193801652892562;0.17575757575757578;0.13997245179063358;0.06366391184573003;0.049586776859504134;0.0462534435261708;0.10545454545454545;0.13460055096418733;0.1920936639118457;0.12225895316804407;0.06283746556473829;0.03473829201101928;0.04038567493112948;0.07110192837465563;0.05972451790633609;0.03517906336088154;0.006418732782369145;0.0;0.0;0.0;0.0;0.0;0.0;0.0;0.0;0.0;0.0;0.0;0.0;0.0;0.0;0.0;0.0;0.0
0.0;0.0;0.0;0.0;0.0;0.0;0.0;0.0;0.0;0.0;0.0;0.0;0.0;0.0;0.0;0.0;0.0;0.0;0.0;0.0;0.0;0.0;0.0;0.0;0.0;0.0;0.0;0.0;0.0;0.00016528925619834712;0.002617079889807162;0.008264462809917356;0.01652892561983471;0.01236914600550964;0.02964187327823692;0.044573002754820935;0.07079889807162536;0.09625344352617078;0.13785123966942148;0.15176308539944902;0.16162534435261708;0.17129476584022038;0.16983471074380163;0.1860330578512397;0.34674931129476577;0.35101928374655644;0.4497796143250688;0.4784573002754821;0.4313774104683196;0.42396694214876035;0.30168044077134987;0.26977961432506886;0.2771625344352617;0.17057851239669422;0.30168044077134987;0.22633608815426998;0.18404958677685954;0.2156473829201102;0.26484848484848483;0.24953168044077137;0.2299173553719008;0.18639118457300274;0.24834710743801655;0.30451790633608816;0.319366391184573;0.2904132231404959;0.18096418732782368;0.2852892561983471;0.1656473829201102;0.17608815426997246;0.20140495867768593;0.21308539944903582;0.10286501377410469;0.13319559228650138;0.11548209366391184;0.08347107438016528;0.0190633608815427;0.0026997245179063364;0.0011294765840220385;0.00044077134986225897;0.0;0.0;0.0;0.0;0.0;0.0;0.0;0.0;0.0;0.0;0.0;0.0;0.0;0.0;0.0;0.0
0.0;0.0;0.0;0.0;0.0;0.0;0.0;0.0;0.0;0.0;0.0;0.0;0.0;0.0;0.0;0.0;0.0;0.0;0.0;0.0;0.0;0.0;0.0;0.0;0.0;0.0;0.0;0.0003581267217630854;0.002534435261707989;0.013884297520661157;0.024820936639118458;0.04884297520661157;0.048402203856749315;0.06471074380165288;0.07016528925619835;0.05314049586776859;0.08765840220385675;0.2019283746556474;0.3946831955922865;0.17837465564738295;0.22457300275482095;0.21179063360881542;0.48418732782369145;0.16347107438016528;0.16107438016528927;0.3819559228650138;0.5810743801652892;0.5839669421487604;0.3770247933884298;0.36275482093663913;0.6530027548209366;0.5382093663911846;0.6299173553719007;0.4525619834710744;0.6700826446280992;0.2321763085399449;0.7325619834710744;0.17498622589531684;0.16815426997245178;0.46550964187327826;0.4095867768595041;0.3895867768595041;0.3184573002754821;0.3674931129476584;0.28487603305785125;0.3404132231404959;0.20548209366391182;0.10272727272727272;0.15223140495867768;0.12537190082644628;0.09944903581267217;0.05399449035812672;0.038539944903581265;0.10201101928374656;0.1103305785123967;0.021707988980716252;0.051294765840220385;0.037988980716253444;0.030853994490358125;0.0014325068870523416;0.0;0.0;0.0;0.0;0.0;0.0;0.0;0.0;0.0;0.0;0.0;0.0;0.0;0.0;0.0;0.0
0.0;0.0;0.0;0.0;0.0;0.0;0.0;0.0;0.0;0.0;0.0;0.0;0.0;0.0;0.0;0.0;0.0;0.0;0.0;0.0;0.0;0.0;0.0;0.0;0.0;0.0;0.0;0.0;0.0005785123966942149;0.009917355371900825;0.011432506887052342;0.020771349862258953;0.03148760330578512;0.053443526170798894;0.049724517906336085;0.0787603305785124;0.10823691460055096;0.10236914600550966;0.08195592286501377;0.11079889807162534;0.16493112947658403;0.143168044077135;0.12484848484848486;0.10424242424242425;0.23079889807162535;0.25322314049586775;0.35983471074380163;0.17159779614325069;0.3420110192837466;0.26236914600550965;0.16641873278236913;0.21958677685950412;0.2929752066115703;0.2593388429752066;0.2713498622589532;0.29063360881542705;0.19644628099173556;0.24933884297520661;0.3065013774104683;0.5952892561983472;0.23644628099173556;0.3812396694214876;0.35055096418732784;0.33316804407713496;0.4419559228650138;0.30641873278236914;0.31947658402203855;0.16606060606060605;0.3607162534435262;0.23079889807162535;0.22355371900826446;0.15173553719008265;0.11454545454545455;0.10358126721763085;0.07953168044077134;0.052865013774104685;0.025757575757575757;0.014931129476584022;0.013360881542699724;0.0033884297520661156;0.0;0.0;0.0;0.0;0.0;0.0;0.0;0.0;0.0;0.0;0.0;0.0;0.0;0.0;0.0;0.0
0.0;0.0;0.0;0.0;0.0;0.0;0.0;0.0;0.0;0.0;0.0;0.0;0.0;0.0;0.0;0.0;0.0;0.0;0.0;0.0;0.0;0.0;0.0;0.0;0.0;0.0;0.0;0.0006887052341597796;0.004683195592286501;0.009366391184573003;0.01815426997245179;0.03231404958677686;0.04887052341597795;0.0671900826446281;0.11256198347107438;0.1556198347107438;0.21071625344352618;0.25947658402203855;0.3009641873278237;0.335564738292011;0.37771349862258957;0.4141322314049587;0.4468595041322314;0.4808264462809917;0.5106060606060606;0.5457851239669421;0.3553168044077135;0.5622865013774104;0.3689256198347108;0.5761707988980717;0.6079614325068871;0.6099449035812673;0.5783195592286501;0.5364187327823692;0.4535537190082645;0.6539393939393939;0.5344352617079889;0.5554269972451791;0.5776859504132231;0.4007438016528926;0.561404958677686;0.38953168044077136;0.512396694214876;0.11052341597796143;0.38895316804407715;0.3140495867768595;0.1365289256198347;0.19906336088154272;0.26699724517906337;0.15826446280991738;0.19071625344352616;0.1053443526170799;0.09022038567493114;0.06418732782369146;0.05236914600550965;0.0315702479338843;0.020358126721763084;0.012754820936639119;0.008292011019283747;0.0032506887052341595;0.0;0.0;0.0;0.0;0.0;0.0;0.0;0.0;0.0;0.0;0.0;0.0;0.0;0.0;0.0;0.0
0.0;0.0;0.0;0.0;0.0;0.0;0.0;0.0;0.0;0.0;0.0;0.0;0.0;0.0;0.0;0.0;0.0;0.0;0.0;0.0;0.0;0.0;0.0;0.0;0.0;0.0;0.0;0.002066115702479339;0.007823691460055097;0.011542699724517907;0.023581267217630857;0.04385674931129477;0.036336088154269974;0.0724517906336088;0.11608815426997245;0.17537190082644627;0.23906336088154267;0.25614325068870525;0.3188980716253444;0.27168044077134984;0.34292011019283747;0.4141597796143251;0.43881542699724513;0.44192837465564744;0.46115702479338844;0.5267768595041322;0.5216528925619834;0.5405234159779614;0.5708539944903581;0.5932782369146005;0.5608539944903582;0.5389531680440771;0.4756198347107438;0.10859504132231405;0.18234159779614326;0.6544628099173554;0.2986501377410468;0.4374931129476584;0.3297796143250689;0.3227548209366391;0.4214600550964187;0.1415977961432507;0.16815426997245178;0.1528374655647383;0.21162534435261707;0.21231404958677688;0.09460055096418733;0.09303030303030303;0.24355371900826447;0.11848484848484848;0.11655647382920109;0.10809917355371901;0.05570247933884298;0.08074380165289256;0.03710743801652893;0.027052341597796143;0.01608815426997245;0.01253443526170799;0.008209366391184572;0.0016804407713498623;0.0;0.0;0.0;0.0;0.0;0.0;0.0;0.0;0.0;0.0;0.0;0.0;0.0;0.0;0.0;0.0
0.0;0.0;0.0;0.0;0.0;0.0;0.0;0.0;0.0;0.0;0.0;0.0;0.0;0.0;0.0;0.0;0.0;0.0;0.0;0.0;0.0;0.0;0.0;0.0;0.0;0.0;0.0;0.0;0.0004132231404958678;0.004132231404958678;0.008980716253443525;0.01994490358126722;0.026005509641873276;0.05297520661157024;0.09179063360881544;0.13490358126721763;0.181267217630854;0.2269146005509642;0.18052341597796143;0.31658402203856745;0.17702479338842977;0.3488980716253443;0.3796969696969697;0.31101928374655646;0.4143801652892562;0.5182369146005509;0.5365564738292011;0.5408264462809917;0.551129476584022;0.5655096418732782;0.5777134986225896;0.5768595041322314;0.5725619834710743;0.5734986225895317;0.5598898071625343;0.5633333333333334;0.5514325068870524;0.4691184573002755;0.5362258953168043;0.531900826446281;0.5060055096418733;0.48738292011019285;0.17049586776859504;0.36283746556473834;0.29986225895316804;0.3197245179063361;0.2909917355371901;0.25325068870523415;0.16763085399449032;0.09909090909090908;0.057961432506887046;0.04198347107438016;0.028539944903581266;0.02239669421487603;0.01349862258953168;0.01490358126721763;0.010853994490358126;0.005454545454545455;0.0018181818181818184;0.00011019283746556474;0.0;0.0;0.0;0.0;0.0;0.0;0.0;0.0;0.0;0.0;0.0;0.0;0.0;0.0;0.0;0.0
0.0;0.0;0.0;0.0;0.0;0.0;0.0;0.0;0.0;0.0;0.0;0.0;0.0;0.0;0.0;0.0;0.0;0.0;0.0;0.0;0.0;0.0;0.0;0.0;0.0;0.0;0.0;0.0;0.0020110192837465564;0.009201101928374656;0.005840220385674932;0.014214876033057851;0.036969696969696965;0.06093663911845729;0.04870523415977962;0.03090909090909091;0.019449035812672176;0.027768595041322314;0.03184573002754821;0.08699724517906336;0.11641873278236915;0.17391184573002758;0.2598071625344353;0.2591460055096419;0.3892011019283747;0.5403305785123967;0.5261432506887053;0.5894214876033058;0.2644903581267218;0.4411570247933884;0.43239669421487603;0.2642148760330579;0.21044077134986225;0.49476584022038567;0.5372451790633609;0.45201101928374654;0.2974931129476584;0.3401652892561984;0.29476584022038566;0.39550964187327825;0.4948760330578512;0.5294490358126722;0.32126721763085403;0.15358126721763085;0.29479338842975206;0.14826446280991737;0.140633608815427;0.17837465564738295;0.16399449035812672;0.16732782369146004;0.13936639118457303;0.14231404958677685;0.09889807162534435;0.05201101928374655;0.04550964187327824;0.018732782369146005;0.021322314049586778;0.007796143250688705;0.0010743801652892562;0.0;0.0;0.0;0.0;0.0;0.0;0.0;0.0;0.0;0.0;0.0;0.0;0.0;0.0;0.0;0.0;0.0
0.0;0.0;0.0;0.0;0.0;0.0;0.0;0.0;0.0;0.0;0.0;0.0;0.0;0.0;0.0;0.0;0.0;0.0;0.0;0.0;0.0;0.0;0.0;0.0;0.0;0.0;0.0;0.0019559228650137743;0.006666666666666667;0.019834710743801654;0.02796143250688705;0.015950413223140496;0.021735537190082643;0.0362534435261708;0.0896969696969697;0.11011019283746555;0.1346831955922865;0.15738292011019286;0.07666666666666667;0.09757575757575758;0.15250688705234158;0.20829201101928374;0.2040495867768595;0.1937465564738292;0.19402203856749312;0.12019283746556475;0.13633608815426998;0.0865564738292011;0.13415977961432507;0.2981267217630854;0.3240771349862259;0.19303030303030302;0.15071625344352618;0.5967768595041323;0.2765289256198347;0.26325068870523416;0.749641873278237;0.42925619834710743;0.5444077134986226;0.2636914600550964;0.2671074380165289;0.5243250688705233;0.4025068870523416;0.4612947658402204;0.2223140495867769;0.13057851239669424;0.17798898071625344;0.37101928374655646;0.39548209366391185;0.2602203856749311;0.18179063360881542;0.08377410468319559;0.08121212121212122;0.09352617079889806;0.0537465564738292;0.04168044077134986;0.019669421487603304;0.0018732782369146005;0.0016253443526170798;0.004022038567493113;0.0;0.0;0.0;0.0;0.0;0.0;0.0;0.0;0.0;0.0;0.0;0.0;0.0;0.0;0.0;0.0
0.0;0.0;0.0;0.0;0.0;0.0;0.0;0.0;0.0;0.0;0.0;0.0;0.0;0.0;0.0;0.0;0.0;0.0;0.0;0.0;0.0;0.0;0.0;0.0;0.0;0.0;0.0;0.0009641873278236915;0.004077134986225895;0.007493112947658403;0.017079889807162536;0.03148760330578512;0.05146005509641873;0.08608815426997245;0.13716253443526172;0.18617079889807164;0.2434435261707989;0.29413223140495864;0.3328374655647383;0.3741873278236915;0.4115702479338843;0.4474104683195592;0.48228650137741047;0.5029752066115702;0.5307438016528926;0.5453719008264463;0.5590358126721763;0.5710192837465565;0.5790909090909091;0.5924793388429751;0.5940220385674931;0.5922589531680441;0.5922038567493112;0.5898347107438017;0.5873553719008265;0.585206611570248;0.5809917355371902;0.415840220385675;0.43002754820936645;0.556611570247934;0.5271625344352617;0.3997520661157024;0.31134986225895317;0.48297520661157023;0.45008264462809916;0.4121212121212121;0.3793112947658402;0.3522038567493113;0.30619834710743804;0.26457300275482093;0.18947658402203857;0.14143250688705233;0.1037190082644628;0.08242424242424241;0.04878787878787879;0.029311294765840216;0.019669421487603304;0.011707988980716254;0.00859504132231405;0.0017630853994490359;0.0;0.0;0.0;0.0;0.0;0.0;0.0;0.0;0.0;0.0;0.0;0.0;0.0;0.0;0.0;0.0
0.0;0.0;0.0;0.0;0.0;0.0;0.0;0.0;0.0;0.0;0.0;0.0;0.0;0.0;0.0;0.0;0.0;0.0;0.0;0.0;0.0;0.0;0.0;0.0;0.0;0.0;0.0;0.001019283746556474;0.0047658402203856745;0.008705234159779614;0.018071625344352617;0.034159779614325064;0.048264462809917356;0.08347107438016528;0.13358126721763086;0.16975206611570248;0.229366391184573;0.2581818181818181;0.2707438016528926;0.3405234159779614;0.33407713498622593;0.43531680440771353;0.48537190082644627;0.4938567493112947;0.5265564738292011;0.5536914600550964;0.531763085399449;0.5758126721763085;0.5398622589531681;0.445564738292011;0.6084022038567493;0.6052892561983471;0.5976308539944903;0.4835812672176308;0.3405234159779614;0.5152341597796143;0.5980165289256197;0.6057300275482094;0.5869146005509641;0.5715151515151515;0.4195867768595041;0.5237190082644628;0.09267217630853995;0.12650137741046832;0.16181818181818183;0.4581818181818182;0.10831955922865015;0.09641873278236913;0.0983746556473829;0.21705234159779616;0.1905234159779614;0.18179063360881542;0.16829201101928373;0.13333333333333333;0.06787878787878789;0.04165289256198348;0.039146005509641875;0.025757575757575757;0.018953168044077137;0.008705234159779614;0.0;0.0;0.0;0.0;0.0;0.0;0.0;0.0;0.0;0.0;0.0;0.0;0.0;0.0;0.0;0.0
0.0;0.0;0.0;0.0;0.0;0.0;0.0;0.0;0.0;0.0;0.0;0.0;0.0;0.0;0.0;0.0;0.0;0.0;0.0;0.0;0.0;0.0;0.0;0.0;0.0;0.0;0.0;0.00033057851239669424;0.0033608815426997246;0.0070523415977961435;0.013030303030303031;0.024462809917355374;0.04019283746556474;0.058622589531680445;0.11085399449035814;0.13132231404958677;0.11429752066115702;0.2549862258953168;0.17683195592286502;0.33;0.32542699724517904;0.3714049586776859;0.4219559228650138;0.45776859504132233;0.5550137741046832;0.5754820936639118;0.5405785123966943;0.49798898071625347;0.5432782369146006;0.5692286501377412;0.5728374655647382;0.6039944903581267;0.4349311294765841;0.2912396694214876;0.17856749311294765;0.5061432506887052;0.31438016528925616;0.13490358126721763;0.32319559228650135;0.5777410468319558;0.5379063360881543;0.5140495867768595;0.31134986225895317;0.16515151515151516;0.4192561983471074;0.3178236914600551;0.29592286501377413;0.22005509641873275;0.3116253443526171;0.27366391184573;0.2647382920110193;0.15052341597796146;0.11630853994490357;0.09641873278236913;0.059586776859504136;0.031239669421487603;0.0337465564738292;0.020440771349862257;0.004297520661157025;0.0012672176308539944;0.0;0.0;0.0;0.0;0.0;0.0;0.0;0.0;0.0;0.0;0.0;0.0;0.0;0.0;0.0;0.0
0.0;0.0;0.0;0.0;0.0;0.0;0.0;0.0;0.0;0.0;0.0;0.0;0.0;0.0;0.0;0.0;0.0;0.0;0.0;0.0;0.0;0.0;0.0;0.0;0.0;0.0;0.0;0.0007988980716253444;0.004793388429752066;0.009531680440771349;0.016831955922865013;0.030826446280991737;0.04757575757575758;0.07305785123966942;0.12066115702479337;0.1565564738292011;0.2165840220385675;0.22972451790633608;0.30242424242424243;0.3402203856749311;0.3756198347107438;0.4109090909090909;0.43889807162534433;0.46121212121212124;0.4859779614325069;0.5014876033057851;0.5279338842975206;0.5339669421487603;0.39900826446280996;0.5846005509641874;0.4355371900826446;0.4667217630853995;0.5978787878787878;0.5741046831955923;0.580771349862259;0.4828650137741047;0.5822589531680441;0.5773829201101929;0.5101652892561983;0.367465564738292;0.5290358126721763;0.36509641873278237;0.3688429752066116;0.33939393939393936;0.1946556473829201;0.413305785123967;0.3449586776859504;0.17575757575757575;0.3242148760330579;0.27206611570247935;0.21360881542699725;0.1556198347107438;0.10771349862258954;0.06724517906336087;0.055068870523415976;0.051294765840220385;0.04482093663911846;0.03165289256198347;0.013057851239669424;0.0023140495867768596;0.0;0.0;0.0;0.0;0.0;0.0;0.0;0.0;0.0;0.0;0.0;0.0;0.0;0.0;0.0;0.0
0.0;0.0;0.0;0.0;0.0;0.0;0.0;0.0;0.0;0.0;0.0;0.0;0.0;0.0;0.0;0.0;0.0;0.0;0.0;0.0;0.0;0.0;0.0;0.0;0.0;0.0;0.0;0.0004958677685950413;0.004573002754820937;0.006721763085399449;0.016198347107438015;0.029669421487603306;0.04567493112947658;0.05961432506887052;0.1040771349862259;0.14600550964187328;0.20630853994490359;0.2421212121212121;0.2895316804407713;0.3324793388429752;0.3672176308539945;0.400633608815427;0.4317079889807162;0.4552892561983471;0.47966942148760333;0.5008264462809917;0.5215702479338843;0.5376859504132231;0.5409366391184572;0.5602203856749312;0.5697520661157024;0.2699449035812672;0.48322314049586773;0.29104683195592285;0.49840220385674927;0.46267217630853996;0.2011570247933884;0.2928650137741047;0.11738292011019284;0.13870523415977962;0.14911845730027548;0.2617079889807163;0.17209366391184575;0.028264462809917356;0.020826446280991735;0.014214876033057851;0.009201101928374656;0.011129476584022038;0.01870523415977961;0.030220385674931127;0.039146005509641875;0.07077134986225896;0.09699724517906337;0.08093663911845729;0.0675206611570248;0.04019283746556474;0.03608815426997245;0.03162534435261708;0.013719008264462809;0.002947658402203857;0.0;0.0;0.0;0.0;0.0;0.0;0.0;0.0;0.0;0.0;0.0;0.0;0.0;0.0;0.0;0.0
0.0;0.0;0.0;0.0;0.0;0.0;0.0;0.0;0.0;0.0;0.0;0.0;0.0;0.0;0.0;0.0;0.0;0.0;0.0;0.0;0.0;0.0;0.0;0.0;0.0;0.0;0.0;0.0;0.0008539944903581268;0.003691460055096419;0.007603305785123966;0.013305785123966941;0.02865013774104683;0.04465564738292011;0.06358126721763085;0.12044077134986227;0.15961432506887052;0.2137465564738292;0.2595867768595041;0.29933884297520663;0.3351239669421488;0.37366391184573006;0.4068044077134987;0.4328374655647383;0.46090909090909093;0.3877134986225896;0.5167768595041321;0.531625344352617;0.5366942148760331;0.5592837465564738;0.5689531680440773;0.6069972451790634;0.4605509641873278;0.5150413223140496;0.590771349862259;0.4940220385674931;0.2958677685950413;0.5906060606060607;0.13454545454545455;0.36603305785123963;0.2640495867768595;0.30336088154269975;0.26435261707988983;0.11041322314049588;0.3043801652892562;0.41261707988980717;0.36798898071625347;0.3404132231404959;0.2895867768595041;0.10829201101928375;0.19818181818181815;0.13953168044077133;0.10369146005509643;0.08859504132231405;0.05644628099173554;0.03600550964187328;0.02165289256198347;0.010303030303030303;0.008787878787878787;0.0024242424242424242;0.0;0.0;0.0;0.0;0.0;0.0;0.0;0.0;0.0;0.0;0.0;0.0;0.0;0.0;0.0;0.0
0.0;0.0;0.0;0.0;0.0;0.0;0.0;0.0;0.0;0.0;0.0;0.0;0.0;0.0;0.0;0.0;0.0;0.0;0.0;0.0;0.0;0.0;0.0;0.0;0.0;0.0;0.0;0.0;0.0;0.0;0.0;0.0;0.0;0.0;0.0005234159779614326;0.004242424242424243;0.008842975206611571;0.015013774104683195;0.027658402203856746;0.0437465564738292;0.05900826446280991;0.10848484848484848;0.1558953168044077;0.20184573002754821;0.2252617079889807;0.28763085399449034;0.3217906336088154;0.36625344352617084;0.39895316804407716;0.473801652892562;0.26859504132231404;0.48203856749311297;0.33859504132231405;0.47603305785123967;0.32209366391184574;0.3781267217630854;0.5763085399449036;0.311404958677686;0.39944903581267216;0.21550964187327826;0.3800275482093664;0.30071625344352615;0.1984573002754821;0.3959228650137741;0.39611570247933886;0.3936088154269972;0.39669421487603307;0.14520661157024795;0.08823691460055096;0.061046831955922864;0.04454545454545455;0.04256198347107438;0.03977961432506887;0.04479338842975206;0.05162534435261707;0.04955922865013774;0.041763085399449035;0.026143250688705235;0.017107438016528927;0.008484848484848486;0.0;0.0;0.0;0.0;0.0;0.0;0.0;0.0;0.0;0.0;0.0;0.0;0.0;0.0;0.0;0.0
0.0;0.0;0.0;0.0;0.0;0.0;0.0;0.0;0.0;0.0;0.0;0.0;0.0;0.0;0.0;0.0;0.0;0.0;0.0;0.0;0.0;0.0;0.0;0.0;0.0;0.0;0.0;0.0;0.0035537190082644624;0.015041322314049588;0.025840220385674934;0.03721763085399449;0.04691460055096419;0.06283746556473829;0.09399449035812672;0.13258953168044077;0.1793112947658402;0.22922865013774105;0.27203856749311295;0.3117355371900827;0.3500550964187328;0.3853168044077135;0.40950413223140497;0.4352892561983471;0.45942148760330576;0.4867493112947659;0.5014876033057852;0.5129476584022039;0.5273002754820937;0.4256473829201102;0.5676584022038568;0.5692011019283747;0.5725895316804407;0.5608815426997246;0.3080716253443526;0.12920110192837464;0.5848760330578512;0.0;0.3559779614325069;0.4084573002754821;0.5392837465564738;0.14517906336088154;0.14046831955922864;0.08790633608815428;0.06484848484848485;0.06253443526170799;0.06253443526170799;0.08253443526170799;0.05363636363636364;0.037217630853994495;0.03322314049586777;0.033112947658402204;0.03360881542699725;0.053911845730027545;0.05272727272727273;0.035922865013774105;0.018044077134986226;0.00977961432506887;0.0014325068870523416;0.0011845730027548209;0.0;0.0;0.0;0.0;0.0;0.0;0.0;0.0;0.0;0.0;0.0;0.0;0.0;0.0;0.0;0.0
0.0;0.0;0.0;0.0;0.0;0.0;0.0;0.0;0.0;0.0;0.0;0.0;0.0;0.0;0.0;0.0;0.0;0.0;0.0;0.0;0.0;0.0;0.0;0.0;0.0;0.0;0.0;0.0015426997245179064;0.012176308539944903;0.030468319559228647;0.05035812672176309;0.06454545454545454;0.06564738292011019;0.0756473829201102;0.07355371900826448;0.08573002754820937;0.17148760330578514;0.22975206611570245;0.2776584022038568;0.3180440771349862;0.35903581267217627;0.3884297520661157;0.4148760330578513;0.4365013774104683;0.4700826446280992;0.4979338842975207;0.5079338842975206;0.5215977961432506;0.537961432506887;0.5574380165289257;0.5665840220385675;0.5686501377410469;0.5711845730027548;0.5654545454545455;0.3970523415977962;0.24801652892561984;0.2977134986225895;0.14947658402203856;0.125564738292011;0.1660055096418733;0.30495867768595036;0.2443250688705234;0.41253443526170797;0.27845730027548204;0.23608815426997246;0.4381542699724518;0.39146005509641874;0.33344352617079887;0.27231404958677685;0.2833333333333333;0.23969696969696971;0.20515151515151517;0.1721763085399449;0.0859504132231405;0.0522038567493113;0.028016528925619833;0.025840220385674934;0.016005509641873278;0.009669421487603304;0.004628099173553719;0.0;0.0;0.0;0.0;0.0;0.0;0.0;0.0;0.0;0.0;0.0;0.0;0.0;0.0;0.0;0.0
0.0;0.0;0.0;0.0;0.0;0.0;0.0;0.0;0.0;0.0;0.0;0.0;0.0;0.0;0.0;0.0;0.0;0.0;0.0;0.0;0.0;0.0;0.0;0.0;0.0;0.0;0.0;0.0;0.0;0.0;0.0021763085399449035;0.007575757575757576;0.01691460055096419;0.03038567493112948;0.03151515151515152;0.042038567493112945;0.012920110192837467;0.008209366391184574;0.016391184573002756;0.03446280991735537;0.08567493112947659;0.12647382920110192;0.24049586776859502;0.37140495867768597;0.3355922865013774;0.3471900826446281;0.28732782369146004;0.30724517906336085;0.5512396694214876;0.5575757575757576;0.4983471074380165;0.5092011019283746;0.49702479338842975;0.5258126721763086;0.2838842975206612;0.32691460055096416;0.46143250688705234;0.6253994490358127;0.5082093663911845;0.39950413223140496;0.3240495867768595;0.3286776859504132;0.48349862258953163;0.4415977961432507;0.4202754820936639;0.3926997245179063;0.36358126721763084;0.33355371900826447;0.29906336088154273;0.2613498622589531;0.19143250688705235;0.15964187327823692;0.12393939393939395;0.08462809917355373;0.05696969696969697;0.03300275482093664;0.02162534435261708;0.017245179063360882;0.018099173553719008;0.007658402203856749;0.0;0.0;0.0;0.0;0.0;0.0;0.0;0.0;0.0;0.0;0.0;0.0;0.0;0.0;0.0;0.0
0.0;0.0;0.0;0.0;0.0;0.0;0.0;0.0;0.0;0.0;0.0;0.0;0.0;0.0;0.0;0.0;0.0;0.0;0.0;0.0;0.0;0.0;0.0;0.0;0.0;0.0;0.0;0.00024793388429752067;0.0030853994490358124;0.010165289256198346;0.026721763085399447;0.0443801652892562;0.05443526170798898;0.05931129476584022;0.07550964187327823;0.09236914600550965;0.09617079889807162;0.08757575757575757;0.08371900826446281;0.08785123966942149;0.1378787878787879;0.17666666666666667;0.19074380165289254;0.20818181818181816;0.26966942148760326;0.24831955922865015;0.2728099173553719;0.2644077134986226;0.2753443526170799;0.2937190082644628;0.3517355371900827;0.3301101928374655;0.29341597796143254;0.43112947658402206;0.44341597796143245;0.4612396694214876;0.4434435261707989;0.3733608815426997;0.31107438016528927;0.36727272727272725;0.3257851239669422;0.34024793388429747;0.2767768595041322;0.2960330578512396;0.24774104683195594;0.3674931129476584;0.3547382920110193;0.3400275482093664;0.31402203856749306;0.2581818181818182;0.22179063360881543;0.1856198347107438;0.14884297520661158;0.11608815426997245;0.09391184573002755;0.06707988980716255;0.05002754820936639;0.036336088154269974;0.025399449035812673;0.010468319559228651;0.0;0.0;0.0;0.0;0.0;0.0;0.0;0.0;0.0;0.0;0.0;0.0;0.0;0.0;0.0;0.0
0.0;0.0;0.0;0.0;0.0;0.0;0.0;0.0;0.0;0.0;0.0;0.0;0.0;0.0;0.0;0.0;0.0;0.0;0.0;0.0;0.0;0.0;0.0;0.0;0.0;0.0;0.0;0.0;0.003388429752066116;0.0070247933884297524;0.005785123966942148;0.009256198347107438;0.004297520661157025;0.01391184573002755;0.0371900826446281;0.04608815426997245;0.07961432506887052;0.13947658402203858;0.12903581267217631;0.23245179063360885;0.2096418732782369;0.16658402203856748;0.15696969696969695;0.1787052341597796;0.1215151515151515;0.2458677685950413;0.5418457300275482;0.5190358126721762;0.5191184573002755;0.33060606060606057;0.2009090909090909;0.6262258953168045;0.562038567493113;0.46553719008264466;0.4221212121212121;0.34911845730027546;0.3818732782369146;0.387961432506887;0.3678512396694215;0.4666115702479339;0.525564738292011;0.5291735537190083;0.4400550964187328;0.3650413223140496;0.4540495867768595;0.411267217630854;0.35011019283746553;0.2681267217630854;0.28294765840220387;0.26258953168044075;0.20247933884297523;0.1453443526170799;0.12303030303030303;0.08705234159779614;0.06884297520661158;0.04581267217630854;0.03322314049586777;0.027988980716253442;0.02765840220385675;0.016336088154269974;0.0;0.0;0.0;0.0;0.0;0.0;0.0;0.0;0.0;0.0;0.0;0.0;0.0;0.0;0.0;0.0
0.0;0.0;0.0;0.0;0.0;0.0;0.0;0.0;0.0;0.0;0.0;0.0;0.0;0.0;0.0;0.0;0.0;0.0;0.0;0.0;0.0;0.0;0.0;0.0;0.0;0.0;0.0;0.0;0.0;0.0;0.00016528925619834712;0.0019559228650137743;0.003746556473829201;0.0048484848484848485;0.006611570247933885;0.026088154269972453;0.03829201101928375;0.03746556473829201;0.053443526170798894;0.08179063360881543;0.11019283746556474;0.12575757575757576;0.14876033057851237;0.1796969696969697;0.20289256198347108;0.22950413223140498;0.25834710743801653;0.2717906336088154;0.2905509641873278;0.2951790633608815;0.3162534435261708;0.33977961432506887;0.3895867768595041;0.4192286501377411;0.40079889807162533;0.43713498622589536;0.37112947658402207;0.22388429752066116;0.21520661157024792;0.23520661157024791;0.26928374655647386;0.3546280991735537;0.45245179063360874;0.5822314049586778;0.4148760330578512;0.3429476584022038;0.30294765840220383;0.20823691460055094;0.1905785123966942;0.13977961432506886;0.12391184573002754;0.12231404958677687;0.10209366391184573;0.08101928374655648;0.06567493112947659;0.04911845730027548;0.02809917355371901;0.013829201101928375;0.005757575757575757;0.002699724517906336;0.0;0.0;0.0;0.0;0.0;0.0;0.0;0.0;0.0;0.0;0.0;0.0;0.0;0.0;0.0;0.0
0.0;0.0;0.0;0.0;0.0;0.0;0.0;0.0;0.0;0.0;0.0;0.0;0.0;0.0;0.0;0.0;0.0;0.0;0.0;0.0;0.0;0.0;0.0;0.0;0.0;0.0;0.0;0.0;0.00011019283746556474;0.006336088154269972;0.02121212121212121;0.03884297520661157;0.05330578512396694;0.0684573002754821;0.07247933884297521;0.09573002754820936;0.16732782369146007;0.24829201101928375;0.2966391184573003;0.31942148760330574;0.3219834710743802;0.3783746556473829;0.42831955922865017;0.3137741046831956;0.3626997245179064;0.45526170798898075;0.48749311294765835;0.5050137741046832;0.5282093663911845;0.5122314049586777;0.5475482093663911;0.5600826446280992;0.5485123966942148;0.560275482093664;0.5760330578512397;0.4607988980716254;0.3747933884297521;0.1450413223140496;0.2103305785123967;0.19071625344352616;0.34826446280991735;0.2237190082644628;0.23245179063360885;0.21920110192837464;0.216831955922865;0.2234159779614325;0.1900275482093664;0.1856198347107438;0.18793388429752067;0.19628099173553717;0.18396694214876033;0.1711845730027548;0.14876033057851243;0.14046831955922864;0.12845730027548208;0.09005509641873277;0.05975206611570249;0.028429752066115702;0.017851239669421485;0.002865013774104683;0.0;0.0;0.0;0.0;0.0;0.0;0.0;0.0;0.0;0.0;0.0;0.0;0.0;0.0;0.0;0.0
0.0;0.0;0.0;0.0;0.0;0.0;0.0;0.0;0.0;0.0;0.0;0.0;0.0;0.0;0.0;0.0;0.0;0.0;0.0;0.0;0.0;0.0;0.0;0.0;0.0;0.0;0.0;0.0;0.001790633608815427;0.010771349862258953;0.015922865013774105;0.03099173553719008;0.06267217630853994;0.09517906336088154;0.10710743801652893;0.10415977961432506;0.12074380165289256;0.1053168044077135;0.11619834710743802;0.1493112947658402;0.20203856749311297;0.2524517906336088;0.243168044077135;0.25884297520661154;0.26066115702479337;0.2971900826446281;0.27421487603305783;0.31892561983471074;0.40096418732782374;0.4437190082644628;0.38573002754820934;0.5092837465564739;0.4189256198347107;0.30024793388429755;0.3098347107438017;0.3415702479338843;0.3219559228650138;0.430633608815427;0.5817906336088154;0.5284297520661156;0.2888154269972452;0.3051790633608815;0.14217630853994492;0.37311294765840225;0.340633608815427;0.15228650137741048;0.10639118457300274;0.11247933884297522;0.1258402203856749;0.07889807162534436;0.06129476584022039;0.1356473829201102;0.14209366391184572;0.09198347107438017;0.06603305785123967;0.0362258953168044;0.022920110192837465;0.007272727272727272;0.000743801652892562;0.0;0.0;0.0;0.0;0.0;0.0;0.0;0.0;0.0;0.0;0.0;0.0;0.0;0.0;0.0;0.0;0.0
0.0;0.0;0.0;0.0;0.0;0.0;0.0;0.0;0.0;0.0;0.0;0.0;0.0;0.0;0.0;0.0;0.0;0.0;0.0;0.0;0.0;0.0;0.0;0.0;0.0;0.0;0.0;0.0;0.0003856749311294766;0.0060055096418732785;0.013691460055096418;0.031955922865013774;0.044628099173553724;0.051515151515151514;0.07674931129476585;0.1250413223140496;0.20506887052341596;0.10787878787878787;0.17118457300275483;0.2699173553719008;0.24911845730027546;0.1618457300275482;0.18410468319559228;0.15294765840220384;0.06493112947658401;0.0768595041322314;0.2297520661157025;0.30611570247933884;0.5546831955922865;0.6246005509641873;0.23451790633608816;0.38063360881542696;0.36046831955922864;0.6191460055096419;0.3709641873278237;0.4793939393939393;0.26771349862258953;0.1130853994490358;0.12820936639118455;0.09493112947658404;0.027052341597796143;0.006584022038567492;0.0581267217630854;0.1143250688705234;0.05584022038567493;0.09856749311294766;0.09154269972451791;0.1628650137741047;0.14203856749311294;0.11181818181818182;0.03181818181818182;0.017079889807162532;0.027052341597796143;0.0456198347107438;0.021735537190082643;0.009559228650137742;0.009917355371900827;0.019228650137741048;0.016143250688705233;0.00768595041322314;0.0;0.0;0.0;0.0;0.0;0.0;0.0;0.0;0.0;0.0;0.0;0.0;0.0;0.0;0.0;0.0
0.0;0.0;0.0;0.0;0.0;0.0;0.0;0.0;0.0;0.0;0.0;0.0;0.0;0.0;0.0;0.0;0.0;0.0;0.0;0.0;0.0;0.0;0.0;0.0;0.0;0.0;0.0;0.0;0.001322314049586777;0.008099173553719008;0.013581267217630854;0.013994490358126721;0.04358126721763086;0.052148760330578504;0.06707988980716253;0.09044077134986227;0.08865013774104684;0.11986225895316804;0.16190082644628098;0.19559228650137742;0.22143250688705232;0.16245179063360882;0.11118457300275482;0.17853994490358124;0.23319559228650136;0.3054820936639119;0.26479338842975203;0.23236914600550965;0.2984022038567493;0.3091735537190083;0.311763085399449;0.3957300275482094;0.21143250688705237;0.25925619834710745;0.3496143250688705;0.378870523415978;0.21206611570247935;0.14887052341597795;0.19418732782369144;0.1793388429752066;0.1755922865013774;0.23840220385674935;0.334297520661157;0.3484022038567493;0.2043250688705234;0.331900826446281;0.13944903581267218;0.10724517906336088;0.1174931129476584;0.12853994490358125;0.11575757575757577;0.12418732782369146;0.07917355371900826;0.07473829201101928;0.08110192837465564;0.029669421487603306;0.019559228650137744;0.03278236914600551;0.01859504132231405;0.004903581267217631;0.0;0.0;0.0;0.0;0.0;0.0;0.0;0.0;0.0;0.0;0.0;0.0;0.0;0.0;0.0;0.0
0.0;0.0;0.0;0.0;0.0;0.0;0.0;0.0;0.0;0.0;0.0;0.0;0.0;0.0;0.0;0.0;0.0;0.0;0.0;0.0;0.0;0.0;0.0;0.0;0.0;0.0;0.0;0.00011019283746556474;0.0031680440771349864;0.013774104683195593;0.021515151515151515;0.014022038567493114;0.04917355371900826;0.05316804407713499;0.08016528925619835;0.13267217630853992;0.16209366391184574;0.161267217630854;0.23493112947658404;0.3606887052341598;0.3804407713498623;0.3487052341597796;0.44986225895316806;0.43636363636363634;0.315068870523416;0.42019283746556474;0.5964462809917356;0.5150413223140496;0.603168044077135;0.42360881542699724;0.38170798898071623;0.4357300275482094;0.43112947658402206;0.30796143250688707;0.4416528925619834;0.393168044077135;0.3011845730027548;0.27955922865013777;0.5457024793388431;0.4047658402203857;0.3959779614325069;0.43944903581267214;0.43688705234159775;0.5090082644628099;0.47713498622589534;0.4616804407713499;0.31887052341597794;0.21517906336088155;0.3745454545454545;0.21787878787878787;0.2259504132231405;0.14947658402203856;0.11019283746556474;0.08239669421487604;0.0712396694214876;0.04680440771349862;0.025482093663911843;0.02393939393939394;0.014793388429752067;0.005730027548209366;0.0;0.0;0.0;0.0;0.0;0.0;0.0;0.0;0.0;0.0;0.0;0.0;0.0;0.0;0.0;0.0
0.0;0.0;0.0;0.0;0.0;0.0;0.0;0.0;0.0;0.0;0.0;0.0;0.0;0.0;0.0;0.0;0.0;0.0;0.0;0.0;0.0;0.0;0.0;0.0;0.0;0.0;0.0;0.0006611570247933885;0.004022038567493113;0.016831955922865013;0.030303030303030304;0.052258953168044076;0.06195592286501378;0.05895316804407713;0.1246556473829201;0.13303030303030303;0.15170798898071627;0.22765840220385672;0.2554545454545455;0.35349862258953163;0.29303030303030303;0.19176308539944906;0.20917355371900825;0.368732782369146;0.2610468319559229;0.36228650137741053;0.2512947658402204;0.5178787878787879;0.6476584022038567;0.5393939393939394;0.3878512396694214;0.4321763085399449;0.4226170798898072;0.42669421487603304;0.4340220385674931;0.47705234159779614;0.43892561983471073;0.377961432506887;0.4669146005509642;0.4243801652892562;0.4980716253443526;0.2904132231404959;0.5393663911845731;0.330495867768595;0.2802203856749311;0.2727548209366391;0.3970247933884297;0.22457300275482095;0.36705234159779615;0.31859504132231403;0.27462809917355374;0.06440771349862258;0.09889807162534435;0.09256198347107437;0.03617079889807163;0.03556473829201102;0.03608815426997245;0.01672176308539945;0.015151515151515152;0.0031955922865013774;0.0;0.0;0.0;0.0;0.0;0.0;0.0;0.0;0.0;0.0;0.0;0.0;0.0;0.0;0.0;0.0
0.0;0.0;0.0;0.0;0.0;0.0;0.0;0.0;0.0;0.0;0.0;0.0;0.0;0.0;0.0;0.0;0.0;0.0;0.0;0.0;0.0;0.0;0.0;0.0;0.0;0.0;0.0;0.0004683195592286502;0.0031680440771349864;0.0058126721763085394;0.013553719008264464;0.049696969696969705;0.08214876033057851;0.08517906336088155;0.14203856749311294;0.12429752066115703;0.2077410468319559;0.24347107438016527;0.29969696969696974;0.33443526170798893;0.28696969696969693;0.303168044077135;0.23666666666666666;0.4573829201101929;0.3580716253443526;0.4050964187327824;0.4815151515151515;0.4395316804407714;0.17391184573002758;0.4970798898071625;0.3276859504132232;0.6520661157024793;0.39876033057851235;0.19980716253443528;0.12876033057851238;0.08537190082644629;0.10101928374655648;0.062396694214876036;0.027548209366391185;0.06022038567493113;0.11476584022038568;0.1476859504132231;0.20887052341597798;0.38867768595041324;0.30980716253443524;0.2856473829201102;0.13399449035812672;0.10567493112947658;0.16046831955922866;0.16245179063360882;0.14391184573002755;0.14333333333333334;0.11969696969696969;0.06677685950413223;0.041487603305785124;0.04258953168044077;0.03314049586776859;0.025895316804407712;0.01889807162534435;0.009035812672176308;0.0;0.0;0.0;0.0;0.0;0.0;0.0;0.0;0.0;0.0;0.0;0.0;0.0;0.0;0.0;0.0
0.0;0.0;0.0;0.0;0.0;0.0;0.0;0.0;0.0;0.0;0.0;0.0;0.0;0.0;0.0;0.0;0.0;0.0;0.0;0.0;0.0;0.0;0.0;0.0;0.0;0.0;0.0;0.0004683195592286502;0.003774104683195592;0.00721763085399449;0.015179063360881545;0.01972451790633609;0.03209366391184573;0.044986225895316805;0.07617079889807163;0.10647382920110193;0.13421487603305784;0.1637465564738292;0.19198347107438019;0.20801652892561984;0.24179063360881545;0.2544077134986226;0.1721487603305785;0.25669421487603306;0.27231404958677685;0.24457300275482094;0.10542699724517905;0.3978787878787879;0.24143250688705234;0.2143526170798898;0.41738292011019285;0.24619834710743801;0.2749862258953168;0.32953168044077136;0.40944903581267217;0.2533884297520661;0.20614325068870523;0.22495867768595038;0.22090909090909092;0.12366391184573004;0.10099173553719008;0.3781818181818182;0.34537190082644625;0.16140495867768598;0.19360881542699726;0.09382920110192838;0.12460055096418732;0.06024793388429752;0.011928374655647382;0.0174931129476584;0.03176308539944903;0.03658402203856749;0.02878787878787879;0.02666666666666667;0.03898071625344352;0.06454545454545454;0.043608815426997245;0.021294765840220387;0.010743801652892562;0.004242424242424243;0.0;0.0;0.0;0.0;0.0;0.0;0.0;0.0;0.0;0.0;0.0;0.0;0.0;0.0;0.0;0.0
0.0;0.0;0.0;0.0;0.0;0.0;0.0;0.0;0.0;0.0;0.0;0.0;0.0;0.0;0.0;0.0;0.0;0.0;0.0;0.0;0.0;0.0;0.0;0.0;0.0;0.0;0.0;0.0;0.002672176308539945;0.0069972451790633605;0.010550964187327823;0.026831955922865015;0.04013774104683195;0.048264462809917356;0.04349862258953169;0.07143250688705234;0.0843801652892562;0.09292011019283745;0.1137741046831956;0.1748484848484848;0.1262809917355372;0.14393939393939395;0.25608815426997245;0.18292011019283747;0.31327823691460055;0.2720936639118457;0.29079889807162534;0.352396694214876;0.37055096418732786;0.35515151515151516;0.3846831955922865;0.3866666666666667;0.39490358126721764;0.32355371900826446;0.3210743801652893;0.31063360881542695;0.41038567493112943;0.20393939393939395;0.3752617079889807;0.11831955922865013;0.156831955922865;0.3035537190082645;0.38071625344352616;0.252534435261708;0.2647658402203857;0.13242424242424242;0.14636363636363636;0.27239669421487606;0.21261707988980716;0.15763085399449037;0.15517906336088153;0.134931129476584;0.10600550964187327;0.06633608815426997;0.047107438016528926;0.022865013774104683;0.01236914600550964;0.0069696969696969695;0.004683195592286501;0.0018457300275482094;0.0;0.0;0.0;0.0;0.0;0.0;0.0;0.0;0.0;0.0;0.0;0.0;0.0;0.0;0.0;0.0
0.0;0.0;0.0;0.0;0.0;0.0;0.0;0.0;0.0;0.0;0.0;0.0;0.0;0.0;0.0;0.0;0.0;0.0;0.0;0.0;0.0;0.0;0.0;0.0;0.0;0.0;0.0;0.0003856749311294766;0.0023140495867768596;0.004214876033057851;0.008787878787878787;0.02278236914600551;0.0359228650137741;0.052258953168044076;0.08245179063360882;0.08498622589531679;0.13079889807162534;0.17322314049586776;0.20110192837465565;0.22672176308539946;0.20782369146005508;0.15887052341597796;0.18774104683195592;0.30465564738292006;0.32336088154269976;0.32876033057851245;0.3400826446280992;0.36614325068870524;0.36639118457300274;0.3146005509641873;0.3814600550964187;0.3683471074380165;0.28057851239669424;0.3888154269972452;0.37889807162534433;0.3796418732782369;0.3758126721763085;0.36553719008264457;0.3561157024793388;0.34991735537190083;0.3377685950413223;0.3271625344352617;0.298099173553719;0.3014325068870523;0.283030303030303;0.26573002754820935;0.25016528925619835;0.2324517906336088;0.15730027548209366;0.20584022038567493;0.15355371900826445;0.10515151515151515;0.08710743801652893;0.06878787878787879;0.04129476584022039;0.02628099173553719;0.01440771349862259;0.010468319559228648;0.006666666666666668;0.0011845730027548209;0.0;0.0;0.0;0.0;0.0;0.0;0.0;0.0;0.0;0.0;0.0;0.0;0.0;0.0;0.0;0.0
0.0;0.0;0.0;0.0;0.0;0.0;0.0;0.0;0.0;0.0;0.0;0.0;0.0;0.0;0.0;0.0;0.0;0.0;0.0;0.0;0.0;0.0;0.0;0.0;0.0;0.0;0.0;0.0;0.002369146005509642;0.007382920110192838;0.01090909090909091;0.01608815426997245;0.03239669421487603;0.04619834710743801;0.06931129476584023;0.09702479338842974;0.0984022038567493;0.0946831955922865;0.15537190082644628;0.11600550964187328;0.147465564738292;0.14242424242424243;0.13760330578512397;0.13674931129476584;0.21873278236914598;0.24008264462809917;0.42672176308539944;0.31079889807162536;0.285564738292011;0.24672176308539942;0.324573002754821;0.26242424242424245;0.42528925619834707;0.36112947658402206;0.3856473829201102;0.3035261707988981;0.3015151515151515;0.38584022038567495;0.2902754820936639;0.38559228650137745;0.37311294765840225;0.19743801652892565;0.21556473829201103;0.08975206611570248;0.2017906336088154;0.18325068870523417;0.16066115702479342;0.07743801652892561;0.028044077134986228;0.04515151515151516;0.03581267217630854;0.02556473829201102;0.005564738292011019;0.004049586776859504;0.009531680440771349;0.008980716253443526;0.008209366391184574;0.010358126721763084;0.002396694214876033;0.00022038567493112948;0.0;0.0;0.0;0.0;0.0;0.0;0.0;0.0;0.0;0.0;0.0;0.0;0.0;0.0;0.0;0.0
0.0;0.0;0.0;0.0;0.0;0.0;0.0;0.0;0.0;0.0;0.0;0.0;0.0;0.0;0.0;0.0;0.0;0.0;0.0;0.0;0.0;0.0;0.0;0.0;0.0;0.0;0.0;0.0;0.0018732782369146005;0.005619834710743801;0.007851239669421486;0.012176308539944905;0.019641873278236913;0.03396694214876033;0.035041322314049585;0.09008264462809917;0.1334159779614325;0.15994490358126723;0.18732782369146006;0.1912121212121212;0.20567493112947657;0.23214876033057852;0.14501377410468322;0.3356749311294766;0.3584573002754821;0.3585123966942148;0.27212121212121215;0.2897796143250689;0.1621763085399449;0.3339118457300276;0.33892561983471076;0.399366391184573;0.2687878787878788;0.38933884297520666;0.2670798898071625;0.21388429752066118;0.4370247933884297;0.34421487603305784;0.2966115702479339;0.1368595041322314;0.2249862258953168;0.31779614325068867;0.09126721763085399;0.3905785123966942;0.31986225895316805;0.184297520661157;0.21192837465564737;0.16743801652892562;0.04867768595041322;0.02628099173553719;0.028484848484848484;0.12790633608815427;0.07162534435261708;0.08201101928374656;0.0653168044077135;0.05807162534435262;0.050550964187327824;0.0462534435261708;0.015977961432506887;0.002258953168044077;0.0;0.0;0.0;0.0;0.0;0.0;0.0;0.0;0.0;0.0;0.0;0.0;0.0;0.0;0.0;0.0
0.0;0.0;0.0;0.0;0.0;0.0;0.0;0.0;0.0;0.0;0.0;0.0;0.0;0.0;0.0;0.0;0.0;0.0;0.0;0.0;0.0;0.0;0.0;0.0;0.0;0.0;0.0;0.0;0.0003581267217630854;0.0027823691460055096;0.00628099173553719;0.013856749311294764;0.02694214876033058;0.0381267217630854;0.03840220385674931;0.05107438016528926;0.09749311294765839;0.09170798898071625;0.09570247933884297;0.17683195592286502;0.15099173553719006;0.1891460055096419;0.27790633608815424;0.3023415977961433;0.32611570247933885;0.2898622589531681;0.1993112947658402;0.19815426997245178;0.14471074380165286;0.28490358126721765;0.27201101928374655;0.239366391184573;0.09338842975206611;0.3457851239669421;0.23256198347107437;0.33041322314049587;0.4152617079889807;0.31261707988980714;0.3958953168044077;0.24523415977961435;0.22898071625344354;0.30024793388429755;0.20079889807162532;0.21349862258953167;0.10674931129476584;0.1362258953168044;0.11586776859504133;0.08148760330578513;0.07195592286501377;0.06688705234159781;0.08096418732782369;0.0881267217630854;0.10201101928374656;0.060633608815427;0.05892561983471074;0.0590633608815427;0.024793388429752067;0.004242424242424242;0.0022865013774104686;0.0;0.0;0.0;0.0;0.0;0.0;0.0;0.0;0.0;0.0;0.0;0.0;0.0;0.0;0.0;0.0;0.0
0.0;0.0;0.0;0.0;0.0;0.0;0.0;0.0;0.0;0.0;0.0;0.0;0.0;0.0;0.0;0.0;0.0;0.0;0.0;0.0;0.0;0.0;0.0;0.0;0.0;0.0;0.0;0.0;0.00024793388429752067;0.004462809917355371;0.008898071625344353;0.015647382920110194;0.034269972451790635;0.03909090909090909;0.03851239669421488;0.04878787878787879;0.06914600550964188;0.0762534435261708;0.0684573002754821;0.10170798898071624;0.08650137741046832;0.11016528925619835;0.10603305785123968;0.3208264462809917;0.3103581267217631;0.3046005509641873;0.28760330578512394;0.3307162534435262;0.35110192837465565;0.28677685950413223;0.3353994490358127;0.14710743801652892;0.22790633608815428;0.3790358126721763;0.33994490358126717;0.364931129476584;0.24011019283746557;0.015234159779614323;0.01746556473829201;0.012148760330578512;0.007823691460055095;0.007988980716253443;0.009807162534435261;0.012920110192837467;0.005206611570247934;0.005730027548209366;0.014986225895316804;0.025812672176308542;0.04539944903581267;0.06724517906336087;0.10545454545454545;0.047162534435261715;0.028732782369146004;0.01236914600550964;0.003994490358126722;8.264462809917356e-05;0.0;0.0;0.0;0.0;0.0;0.0;0.0;0.0;0.0;0.0;0.0;0.0;0.0;0.0;0.0;0.0;0.0;0.0;0.0;0.0
0.0;0.0;0.0;0.0;0.0;0.0;0.0;0.0;0.0;0.0;0.0;0.0;0.0;0.0;0.0;0.0;0.0;0.0;0.0;0.0;0.0;0.0;0.0;0.0;0.0;0.0;0.0;0.0;0.0;0.0;0.0;0.0;0.0;0.0;0.0;0.00022038567493112946;0.0002754820936639118;0.0012121212121212121;0.004214876033057851;0.00928374655647383;0.020743801652892566;0.035647382920110195;0.04685950413223141;0.03713498622589532;0.03917355371900826;0.06961432506887051;0.056859504132231405;0.06264462809917355;0.07487603305785123;0.11137741046831956;0.10878787878787881;0.11487603305785125;0.10884297520661157;0.08743801652892562;0.13286501377410467;0.15826446280991735;0.17966942148760331;0.1346831955922865;0.21774104683195594;0.14732782369146005;0.18272727272727274;0.11677685950413223;0.08214876033057851;0.09231404958677686;0.07829201101928374;0.08008264462809918;0.05112947658402204;0.05559228650137741;0.035371900826446284;0.0643801652892562;0.06396694214876034;0.06490358126721762;0.07121212121212121;0.03476584022038568;0.03526170798898071;0.014352617079889808;0.012093663911845728;0.008457300275482093;0.003553719008264463;0.0;0.0;0.0;0.0;0.0;0.0;0.0;0.0;0.0;0.0;0.0;0.0;0.0;0.0;0.0;0.0;0.0
0.0;0.0;0.0;0.0;0.0;0.0;0.0;0.0;0.0;0.0;0.0;0.0;0.0;0.0;0.0;0.0;0.0;0.0;0.0;0.0;0.0;0.0;0.0;0.0;0.0;0.0;0.0;0.0;0.0001928374655647383;0.0;0.0;0.0;0.002865013774104683;0.009752066115702479;0.011542699724517907;0.016198347107438015;0.034159779614325064;0.05002754820936639;0.07082644628099173;0.08195592286501377;0.05333333333333334;0.07537190082644628;0.08349862258953168;0.1440220385674931;0.17044077134986227;0.16895316804407715;0.3457575757575757;0.2074931129476584;0.058787878787878785;0.25316804407713495;0.19432506887052345;0.10143250688705234;0.23209366391184574;0.23011019283746556;0.28479338842975205;0.2149862258953168;0.3609090909090909;0.11818181818181818;0.41454545454545455;0.10173553719008264;0.15614325068870524;0.29212121212121217;0.05509641873278237;0.3560330578512397;0.14181818181818182;0.1146831955922865;0.08134986225895317;0.10170798898071624;0.19696969696969693;0.15148760330578512;0.1594490358126722;0.1368595041322314;0.09460055096418733;0.05077134986225895;0.038374655647382926;0.022506887052341596;0.011322314049586777;0.009917355371900827;0.00721763085399449;0.004352617079889807;0.0;0.0;0.0;0.0;0.0;0.0;0.0;0.0;0.0;0.0;0.0;0.0;0.0;0.0;0.0;0.0
0.0;0.0;0.0;0.0;0.0;0.0;0.0;0.0;0.0;0.0;0.0;0.0;0.0;0.0;0.0;0.0;0.0;0.0;0.0;0.0;0.0;0.0;0.0;0.0;0.0;0.0;0.0;0.0;0.0015702479338842977;0.004710743801652893;0.009807162534435261;0.02371900826446281;0.03586776859504132;0.05738292011019284;0.07738292011019283;0.10506887052341597;0.14388429752066115;0.17297520661157026;0.20132231404958678;0.22520661157024793;0.2516528925619835;0.2777685950413223;0.2999173553719008;0.3160606060606061;0.33765840220385673;0.2579338842975207;0.3776859504132231;0.3893939393939394;0.220633608815427;0.42699724517906334;0.41851239669421486;0.4146831955922865;0.4161707988980716;0.4115426997245179;0.41537190082644626;0.3085950413223141;0.356831955922865;0.10732782369146006;0.27173553719008264;0.32391184573002757;0.32914600550964185;0.37443526170798896;0.34763085399449034;0.33575757575757575;0.3304407713498623;0.3037190082644628;0.28487603305785125;0.12853994490358125;0.21837465564738293;0.18267217630853994;0.1562809917355372;0.12424242424242422;0.09005509641873277;0.06997245179063362;0.04137741046831956;0.00955922865013774;0.008870523415977962;0.005619834710743801;0.0028374655647382917;0.0;0.0;0.0;0.0;0.0;0.0;0.0;0.0;0.0;0.0;0.0;0.0;0.0;0.0;0.0;0.0;0.0
0.0;0.0;0.0;0.0;0.0;0.0;0.0;0.0;0.0;0.0;0.0;0.0;0.0;0.0;0.0;0.0;0.0;0.0;0.0;0.0;0.0;0.0;0.0;0.0;0.0;0.0;0.0;0.0;0.0;0.00559228650137741;0.008539944903581266;0.009476584022038569;0.01818181818181818;0.03016528925619834;0.04292011019283747;0.06112947658402204;0.09110192837465565;0.13319559228650138;0.1469421487603306;0.1499724517906336;0.21013774104683194;0.24424242424242423;0.2584297520661157;0.2790358126721763;0.2924242424242424;0.3084022038567493;0.26972451790633606;0.2902203856749311;0.33289256198347106;0.35338842975206614;0.2895316804407713;0.4005509641873279;0.23052341597796144;0.30165289256198347;0.2409366391184573;0.33013774104683197;0.40573002754820936;0.393168044077135;0.3236914600550964;0.33063360881542697;0.15724517906336088;0.22986225895316803;0.24820936639118454;0.27;0.1711845730027548;0.1012396694214876;0.25016528925619835;0.3054269972451791;0.08404958677685952;0.10143250688705234;0.06840220385674932;0.02606060606060606;0.0;0.00044077134986225897;0.0030578512396694213;0.005013774104683196;0.00443526170798898;0.005179063360881542;0.003388429752066116;0.0030303030303030303;0.0;0.0;0.0;0.0;0.0;0.0;0.0;0.0;0.0;0.0;0.0;0.0;0.0;0.0;0.0;0.0
0.0;0.0;0.0;0.0;0.0;0.0;0.0;0.0;0.0;0.0;0.0;0.0;0.0;0.0;0.0;0.0;0.0;0.0;0.0;0.0;0.0;0.0;0.0;0.0;0.0;0.0;0.0;0.0;0.0008815426997245179;0.005426997245179063;0.012451790633608815;0.027300275482093666;0.027079889807162538;0.05209366391184573;0.06019283746556473;0.08685950413223141;0.10385674931129478;0.08848484848484849;0.09980716253443526;0.16550964187327824;0.2190909090909091;0.2488154269972452;0.26702479338842977;0.2952892561983471;0.3090909090909091;0.3284022038567493;0.34121212121212113;0.3543801652892562;0.36388429752066115;0.3687603305785124;0.36944903581267213;0.3673002754820937;0.36661157024793384;0.3680165289256198;0.3640771349862259;0.36460055096418736;0.3574931129476584;0.34236914600550966;0.24639118457300277;0.3474104683195592;0.3401652892561984;0.3286225895316804;0.3128374655647383;0.3044077134986226;0.27600550964187326;0.2378236914600551;0.17143250688705233;0.206198347107438;0.1880440771349862;0.12019283746556474;0.024297520661157024;0.1006060606060606;0.07741046831955924;0.054793388429752066;0.041294765840220383;0.03360881542699724;0.019393939393939394;0.008622589531680441;0.004297520661157025;0.0005234159779614325;0.0;0.0;0.0;0.0;0.0;0.0;0.0;0.0;0.0;0.0;0.0;0.0;0.0;0.0;0.0;0.0
0.0;0.0;0.0;0.0;0.0;0.0;0.0;0.0;0.0;0.0;0.0;0.0;0.0;0.0;0.0;0.0;0.0;0.0;0.0;0.0;0.0;0.0;0.0;0.0;0.0;0.0;0.0;0.0;0.0001377410468319559;0.002617079889807163;0.006363636363636363;0.01256198347107438;0.024242424242424242;0.03787878787878788;0.060550964187327826;0.08269972451790633;0.11396694214876031;0.14247933884297523;0.16859504132231407;0.2046556473829201;0.23134986225895318;0.2562258953168044;0.27881542699724515;0.3029752066115703;0.2565564738292011;0.3458953168044077;0.35661157024793394;0.3730578512396694;0.3840771349862259;0.3512396694214876;0.3324517906336088;0.40239669421487606;0.3962534435261708;0.3490082644628099;0.3863911845730028;0.30796143250688707;0.23958677685950414;0.2340495867768595;0.2923691460055096;0.3308539944903581;0.34223140495867765;0.20925619834710743;0.09553719008264462;0.19837465564738288;0.3072727272727273;0.28674931129476583;0.26190082644628093;0.2597245179063361;0.23289256198347108;0.16862258953168044;0.11402203856749311;0.14019283746556474;0.11396694214876031;0.07884297520661157;0.060413223140495874;0.02975206611570248;0.019283746556473826;0.01606060606060606;0.015867768595041323;0.010578512396694216;0.0;0.0;0.0;0.0;0.0;0.0;0.0;0.0;0.0;0.0;0.0;0.0;0.0;0.0;0.0;0.0
0.0;0.0;0.0;0.0;0.0;0.0;0.0;0.0;0.0;0.0;0.0;0.0;0.0;0.0;0.0;0.0;0.0;0.0;0.0;0.0;0.0;0.0;0.0;0.0;0.0;0.0;0.0;0.0;0.0;0.0;0.0;0.00044077134986225897;0.00743801652892562;0.02096418732782369;0.035234159779614325;0.03884297520661157;0.04867768595041322;0.054517906336088155;0.06223140495867768;0.07360881542699724;0.09975206611570248;0.15575757575757576;0.19258953168044077;0.2182093663911846;0.23986225895316804;0.2647107438016529;0.2846280991735537;0.30399449035812676;0.31931129476584025;0.33209366391184575;0.3456749311294766;0.34848484848484845;0.358732782369146;0.3620661157024793;0.3624242424242425;0.37393939393939396;0.38374655647382916;0.29702479338842974;0.34143250688705234;0.31024793388429756;0.3712396694214876;0.36633608815426993;0.36074380165289255;0.2285123966942149;0.36898071625344353;0.35198347107438016;0.2306060606060606;0.1484573002754821;0.056115702479338836;0.001046831955922865;0.0;0.0;0.002534435261707989;0.009834710743801654;0.030275482093663913;0.03074380165289256;0.02140495867768595;0.015179063360881541;0.007851239669421488;0.0007988980716253444;0.0;0.0;0.0;0.0;0.0;0.0;0.0;0.0;0.0;0.0;0.0;0.0;0.0;0.0;0.0;0.0
0.0;0.0;0.0;0.0;0.0;0.0;0.0;0.0;0.0;0.0;0.0;0.0;0.0;0.0;0.0;0.0;0.0;0.0;0.0;0.0;0.0;0.0;0.0;0.0;0.0;0.0;0.0;0.0;0.0010743801652892562;0.00371900826446281;0.01090909090909091;0.016225895316804406;0.02410468319559229;0.020881542699724517;0.03223140495867769;0.046143250688705235;0.061074380165289266;0.07234159779614324;0.10212121212121213;0.18829201101928375;0.14327823691460054;0.24710743801652893;0.3122589531680441;0.19933884297520663;0.31752066115702476;0.15694214876033058;0.12771349862258952;0.30495867768595036;0.30862258953168037;0.23311294765840218;0.32548209366391184;0.36820936639118457;0.23256198347107437;0.3120110192837466;0.3256749311294766;0.39016528925619837;0.3830578512396694;0.39567493112947655;0.38578512396694215;0.3703581267217631;0.3697520661157025;0.2855371900826446;0.20641873278236914;0.1099724517906336;0.09410468319559229;0.2881267217630854;0.11553719008264463;0.06099173553719008;0.141267217630854;0.1896969696969697;0.20093663911845727;0.11115702479338842;0.09179063360881544;0.09556473829201102;0.04187327823691459;0.029283746556473828;0.01787878787878788;0.008980716253443526;0.0048760330578512395;0.0009917355371900827;0.0;0.0;0.0;0.0;0.0;0.0;0.0;0.0;0.0;0.0;0.0;0.0;0.0;0.0;0.0;0.0
0.0;0.0;0.0;0.0;0.0;0.0;0.0;0.0;0.0;0.0;0.0;0.0;0.0;0.0;0.0;0.0;0.0;0.0;0.0;0.0;0.0;0.0;0.0;0.0;0.0;0.0;0.0;0.0;8.264462809917356e-05;0.002121212121212121;0.010853994490358126;0.025206611570247933;0.04234159779614325;0.05311294765840221;0.08;0.09363636363636363;0.09710743801652894;0.12132231404958678;0.121267217630854;0.17713498622589532;0.22732782369146007;0.24776859504132231;0.28294765840220387;0.3071625344352617;0.2704132231404959;0.2855371900826446;0.3265564738292011;0.32520661157024794;0.38404958677685946;0.35426997245179065;0.37305785123966945;0.4160055096418733;0.397741046831956;0.3824242424242424;0.24247933884297523;0.3381818181818182;0.3281818181818182;0.3444903581267218;0.24476584022038564;0.33154269972451794;0.14680440771349862;0.16749311294765842;0.09476584022038569;0.06677685950413224;0.04928374655647383;0.04292011019283746;0.04498622589531681;0.07319559228650137;0.0918732782369146;0.07710743801652892;0.051983471074380165;0.033884297520661154;0.026611570247933883;0.021542699724517906;0.013195592286501377;0.008677685950413225;0.010523415977961434;0.010468319559228651;0.004297520661157025;0.00044077134986225897;0.0;0.0;0.0;0.0;0.0;0.0;0.0;0.0;0.0;0.0;0.0;0.0;0.0;0.0;0.0;0.0
0.0;0.0;0.0;0.0;0.0;0.0;0.0;0.0;0.0;0.0;0.0;0.0;0.0;0.0;0.0;0.0;0.0;0.0;0.0;0.0;0.0;0.0;0.0;0.0;0.0;0.0;0.0;0.0;5.509641873278237e-05;0.001928374655647383;0.007548209366391185;0.016225895316804406;0.03595041322314049;0.03465564738292011;0.04705234159779614;0.09449035812672175;0.12460055096418733;0.1640220385674931;0.14391184573002755;0.15495867768595042;0.1409917355371901;0.16325068870523415;0.2882093663911846;0.26862258953168044;0.3330027548209366;0.28269972451790637;0.3312947658402204;0.23443526170798898;0.25561983471074384;0.20680440771349862;0.3447658402203857;0.4174380165289256;0.3812396694214876;0.3529476584022038;0.32074380165289257;0.25132231404958677;0.34449035812672174;0.27584022038567496;0.3316528925619835;0.33501377410468325;0.2628374655647383;0.36906336088154273;0.33922865013774106;0.05366391184573003;0.0377961432506887;0.026611570247933883;0.016308539944903583;0.00977961432506887;0.006859504132231405;0.007741046831955922;0.010440771349862259;0.0318732782369146;0.06666666666666667;0.09944903581267217;0.07085399449035812;0.03796143250688705;0.025234159779614324;0.012727272727272726;0.002975206611570248;0.0;0.0;0.0;0.0;0.0;0.0;0.0;0.0;0.0;0.0;0.0;0.0;0.0;0.0;0.0;0.0;0.0
0.0;0.0;0.0;0.0;0.0;0.0;0.0;0.0;0.0;0.0;0.0;0.0;0.0;0.0;0.0;0.0;0.0;0.0;0.0;0.0;0.0;0.0;0.0;0.0;0.0;0.0;0.0;0.0;0.00024793388429752067;0.005179063360881543;0.012672176308539946;0.018181818181818184;0.03225895316804408;0.048732782369146;0.04159779614325069;0.057327823691460056;0.09501377410468319;0.11760330578512397;0.1771349862258953;0.1846831955922865;0.1872451790633609;0.18705234159779616;0.1880440771349862;0.2208539944903581;0.2269146005509642;0.24859504132231405;0.22719008264462812;0.2957575757575757;0.23911845730027548;0.3754545454545455;0.335564738292011;0.4014325068870523;0.41584022038567486;0.38677685950413226;0.3962534435261708;0.34316804407713497;0.2915426997245179;0.4341322314049587;0.27732782369146003;0.345564738292011;0.29231404958677687;0.36046831955922864;0.33258953168044075;0.24471074380165292;0.3304683195592286;0.23509641873278234;0.20713498622589532;0.19275482093663912;0.25449035812672177;0.07581267217630853;0.0693939393939394;0.037851239669421485;0.02975206611570248;0.03834710743801653;0.06148760330578512;0.05611570247933884;0.03534435261707989;0.017548209366391187;0.008264462809917356;0.002699724517906336;0.0;0.0;0.0;0.0;0.0;0.0;0.0;0.0;0.0;0.0;0.0;0.0;0.0;0.0;0.0;0.0
0.0;0.0;0.0;0.0;0.0;0.0;0.0;0.0;0.0;0.0;0.0;0.0;0.0;0.0;0.0;0.0;0.0;0.0;0.0;0.0;0.0;0.0;0.0;0.0;0.0;0.0;0.0;0.0;0.0;0.0002754820936639118;0.0058402203856749305;0.010771349862258953;0.011074380165289256;0.016694214876033057;0.03112947658402204;0.04258953168044077;0.07479338842975207;0.02300275482093664;0.08115702479338843;0.15234159779614326;0.1868044077134986;0.22396694214876034;0.2748209366391185;0.24831955922865012;0.23658402203856746;0.2015426997245179;0.21256198347107438;0.2835537190082645;0.3413498622589531;0.32702479338842977;0.2747658402203857;0.23236914600550965;0.2149862258953168;0.2236914600550964;0.19556473829201101;0.15198347107438018;0.1584297520661157;0.181267217630854;0.20322314049586776;0.22019283746556473;0.20011019283746556;0.2287878787878788;0.23157024793388428;0.10033057851239668;0.07763085399449036;0.022865013774104687;0.022644628099173555;0.017796143250688706;0.0246831955922865;0.051432506887052344;0.0850413223140496;0.04785123966942149;0.010303030303030302;0.00024793388429752067;0.00016528925619834712;0.0;0.0;0.0;0.0;0.0;0.0;0.0;0.0;0.0;0.0;0.0;0.0;0.0;0.0;0.0;0.0;0.0;0.0;0.0;0.0;0.0
0.0;0.0;0.0;0.0;0.0;0.0;0.0;0.0;0.0;0.0;0.0;0.0;0.0;0.0;0.0;0.0;0.0;0.0;0.0;0.0;0.0;0.0;0.0;0.0;0.0;0.0;0.0;0.0;0.0014600550964187326;0.006831955922865014;0.00787878787878788;0.012176308539944905;0.030275482093663913;0.0634435261707989;0.06319559228650139;0.07022038567493112;0.08542699724517906;0.18721763085399448;0.20424242424242425;0.16531680440771349;0.1762809917355372;0.14206611570247935;0.1640771349862259;0.1746831955922865;0.1784573002754821;0.2947107438016529;0.2946280991735537;0.24666666666666667;0.26484848484848483;0.32870523415977965;0.374931129476584;0.3428374655647383;0.3175482093663912;0.2778236914600551;0.2733057851239669;0.3008815426997245;0.4314876033057851;0.24567493112947658;0.37220385674931133;0.3553994490358127;0.3500826446280992;0.3441322314049587;0.33636363636363636;0.3306887052341598;0.14845730027548207;0.17920110192837466;0.1662809917355372;0.06699724517906337;0.029146005509641873;0.025757575757575757;0.02391184573002755;0.00955922865013774;0.009641873278236915;0.0190633608815427;0.013581267217630852;0.004325068870523416;2.7548209366391185e-05;0.0;0.0;0.0;0.0;0.0;0.0;0.0;0.0;0.0;0.0;0.0;0.0;0.0;0.0;0.0;0.0;0.0;0.0;0.0
0.0;0.0;0.0;0.0;0.0;0.0;0.0;0.0;0.0;0.0;0.0;0.0;0.0;0.0;0.0;0.0;0.0;0.0;0.0;0.0;0.0;0.0;0.0;0.0;0.0;0.0;0.0;0.0;0.0;0.0;8.264462809917356e-05;0.004132231404958678;0.00840220385674931;0.017438016528925623;0.022093663911845734;0.033250688705234156;0.03909090909090909;0.059201101928374654;0.07203856749311295;0.06944903581267219;0.1009366391184573;0.23848484848484852;0.15495867768595042;0.2049862258953168;0.26639118457300276;0.34030303030303033;0.21584022038567494;0.31548209366391183;0.30418732782369146;0.3470247933884298;0.37220385674931133;0.3809641873278237;0.37528925619834713;0.379862258953168;0.4081542699724518;0.4438292011019284;0.3958953168044077;0.3072176308539945;0.4190358126721763;0.2940495867768595;0.07371900826446282;0.2141322314049587;0.3387878787878788;0.3620110192837465;0.34531680440771345;0.28603305785123967;0.14077134986225895;0.07338842975206611;0.06027548209366391;0.021983471074380163;0.01256198347107438;0.011955922865013775;0.011597796143250688;0.015509641873278237;0.022396694214876032;0.028264462809917356;0.023856749311294768;0.010633608815426998;0.008292011019283745;0.0048484848484848485;0.0;0.0;0.0;0.0;0.0;0.0;0.0;0.0;0.0;0.0;0.0;0.0;0.0;0.0;0.0;0.0
0.0;0.0;0.0;0.0;0.0;0.0;0.0;0.0;0.0;0.0;0.0;0.0;0.0;0.0;0.0;0.0;0.0;0.0;0.0;0.0;0.0;0.0;0.0;0.0;0.0;0.0;0.0;0.0;0.0;0.0031680440771349864;0.009393939393939394;0.013278236914600552;0.01137741046831956;0.028429752066115702;0.047878787878787875;0.038732782369146006;0.11066115702479339;0.12818181818181817;0.1734710743801653;0.1999724517906336;0.21928374655647384;0.2462809917355372;0.27515151515151515;0.2511570247933884;0.31581267217630854;0.3362534435261708;0.35046831955922864;0.3679614325068871;0.37895316804407714;0.39253443526170795;0.39983471074380167;0.40512396694214875;0.411267217630854;0.4115977961432507;0.40603305785123966;0.40785123966942155;0.4045454545454546;0.35548209366391187;0.30242424242424243;0.15071625344352615;0.30129476584022036;0.3655096418732782;0.3465289256198347;0.3279063360881543;0.3171900826446281;0.23157024793388428;0.2831955922865014;0.05314049586776859;0.10382920110192838;0.24454545454545454;0.18622589531680442;0.1577961432506887;0.12895316804407717;0.09154269972451791;0.06911845730027548;0.04066115702479339;0.030192837465564736;0.01911845730027548;0.009917355371900827;0.011432506887052343;0.0;0.0;0.0;0.0;0.0;0.0;0.0;0.0;0.0;0.0;0.0;0.0;0.0;0.0;0.0;0.0
0.0;0.0;0.0;0.0;0.0;0.0;0.0;0.0;0.0;0.0;0.0;0.0;0.0;0.0;0.0;0.0;0.0;0.0;0.0;0.0;0.0;0.0;0.0;0.0;0.0;0.0;0.0;0.0;0.0;2.7548209366391185e-05;0.0032506887052341595;0.006942148760330578;0.01559228650137741;0.026969696969696966;0.0437465564738292;0.062341597796143254;0.09327823691460053;0.08269972451790635;0.11680440771349863;0.19132231404958677;0.20614325068870523;0.18311294765840222;0.26884297520661155;0.28696969696969693;0.3109641873278237;0.24308539944903582;0.35765840220385675;0.3822314049586777;0.31019283746556475;0.3544077134986226;0.14256198347107438;0.34608815426997247;0.14523415977961432;0.2925895316804408;0.2652617079889807;0.3228650137741047;0.34738292011019284;0.33564738292011015;0.2983746556473829;0.19101928374655644;0.25184573002754823;0.22749311294765842;0.09495867768595041;0.07068870523415978;0.1377961432506887;0.01575757575757576;0.03851239669421488;0.051570247933884296;0.02212121212121212;0.01903581267217631;0.008732782369146007;0.00768595041322314;0.010853994490358126;0.012093663911845728;0.02294765840220386;0.02275482093663912;0.01787878787878788;0.011818181818181818;0.0032506887052341595;0.0019008264462809918;0.0;0.0;0.0;0.0;0.0;0.0;0.0;0.0;0.0;0.0;0.0;0.0;0.0;0.0;0.0;0.0
0.0;0.0;0.0;0.0;0.0;0.0;0.0;0.0;0.0;0.0;0.0;0.0;0.0;0.0;0.0;0.0;0.0;0.0;0.0;0.0;0.0;0.0;0.0;0.0;0.0;0.0;0.0;0.0;0.001294765840220386;0.006253443526170799;0.007713498622589532;0.015619834710743801;0.026225895316804405;0.04033057851239669;0.06002754820936639;0.08008264462809916;0.12024793388429751;0.1540495867768595;0.18308539944903582;0.20710743801652895;0.2319283746556474;0.25873278236914604;0.2822038567493113;0.30242424242424243;0.31840220385674933;0.3398622589531681;0.3527272727272727;0.36011019283746554;0.3756198347107438;0.39272727272727276;0.39247933884297526;0.283030303030303;0.40008264462809917;0.4048760330578512;0.2830853994490358;0.35369146005509644;0.3959779614325069;0.19305785123966945;0.29647382920110193;0.3876308539944904;0.21584022038567494;0.1443250688705234;0.3495316804407714;0.32041322314049586;0.23391184573002755;0.2890358126721763;0.1656749311294766;0.2540220385674931;0.24380165289256198;0.15225895316804408;0.03110192837465565;0.09112947658402204;0.08829201101928376;0.028181818181818183;0.03732782369146005;0.027300275482093666;0.03856749311294766;0.03181818181818182;0.010330578512396693;0.0009090909090909092;0.0;0.0;0.0;0.0;0.0;0.0;0.0;0.0;0.0;0.0;0.0;0.0;0.0;0.0;0.0;0.0
0.0;0.0;0.0;0.0;0.0;0.0;0.0;0.0;0.0;0.0;0.0;0.0;0.0;0.0;0.0;0.0;0.0;0.0;0.0;0.0;0.0;0.0;0.0;0.0;0.0;0.0;0.0;0.0;0.0;0.0;0.0004683195592286501;0.007548209366391185;0.015592286501377409;0.04170798898071626;0.04550964187327824;0.061790633608815426;0.08881542699724516;0.0671900826446281;0.16950413223140495;0.1309090909090909;0.22129476584022037;0.23980716253443526;0.2707162534435262;0.3014876033057851;0.3106060606060606;0.3385399449035813;0.3543801652892562;0.36696969696969695;0.3846831955922865;0.40749311294765844;0.3071900826446281;0.14669421487603304;0.18093663911845734;0.2296694214876033;0.41038567493112943;0.34261707988980716;0.1074931129476584;0.10765840220385675;0.06349862258953169;0.037906336088154274;0.018732782369146005;0.01027548209366391;0.0049311294765840225;0.007162534435261708;0.009393939393939394;0.013030303030303031;0.02349862258953168;0.04377410468319559;0.09944903581267217;0.1837465564738292;0.11264462809917357;0.10931129476584023;0.10300275482093664;0.10947658402203857;0.05961432506887052;0.034269972451790635;0.008512396694214877;0.007603305785123967;0.0070523415977961435;0.0016253443526170798;0.0;0.0;0.0;0.0;0.0;0.0;0.0;0.0;0.0;0.0;0.0;0.0;0.0;0.0;0.0;0.0
